2013,9,17717.64,20Sep2013,,20
2013,9,2.63,26Sep2013,1,26
2013,9,-55.9,27Sep2013,1,27
2013,9,-100,23Sep2013,1,23
2013,9,-200,30Sep2013,1,30
2013,9,-390,26Sep2013,1,26
2013,9,-613.44,30Sep2013,1,30
2013,9,-1000,21Sep2013,1,21
2013,9,-1000,21Sep2013,1,21
2013,9,-1500,28Sep2013,1,28
2013,10,17687.55,21Oct2013,FALSE,21
2013,10,12.49,28Oct2013,1,28
2013,10,-59,28Oct2013,1,28
2013,10,-66.25,21Oct2013,1,21
2013,10,-109.9,19Oct2013,1,19
2013,10,-127.2,26Oct2013,1,26
2013,10,-137.56,12Oct2013,1,12
2013,10,-200,14Oct2013,1,14
2013,10,-300,04Oct2013,1,4
2013,10,-380,01Oct2013,1,1
2013,10,-572.48,26Oct2013,1,26
2013,10,-641.77,12Oct2013,1,12
2013,10,-806.18,28Oct2013,1,28
2013,10,-1000,24Oct2013,1,24
2013,10,-1162,18Oct2013,1,18
2013,10,-1500,05Oct2013,1,5
2013,11,17687.55,20Nov2013,FALSE,20
2013,11,21.34,27Nov2013,1,27
2013,11,-20,29Nov2013,1,29
2013,11,-59,27Nov2013,1,27
2013,11,-600,22Nov2013,1,22
2013,11,-637.34,25Nov2013,1,25
2013,11,-1162,20Nov2013,1,20
2013,11,-5371.56,20Nov2013,1,20
2013,12,17687.55,20Dec2013,FALSE,20
2013,12,29.07,27Dec2013,1,27
2013,12,-10.25,20Dec2013,1,20
2013,12,-48.8,24Dec2013,1,24
2013,12,-58.49,23Dec2013,1,23
2013,12,-59,27Dec2013,1,27
2013,12,-60,10Dec2013,1,10
2013,12,-76.6,23Dec2013,1,23
2013,12,-80,06Dec2013,1,6
2013,12,-102,07Dec2013,1,7
2013,12,-106.97,06Dec2013,1,6
2013,12,-168.4,28Dec2013,1,28
2013,12,-188.25,27Dec2013,1,27
2013,12,-200,05Dec2013,1,5
2013,12,-200,09Dec2013,1,9
2013,12,-350.2,07Dec2013,1,7
2013,12,-500,31Dec2013,1,31
2013,12,-600,06Dec2013,1,6
2013,12,-640.69,24Dec2013,1,24
2013,12,-680.3,10Dec2013,1,10
2013,12,-718,24Dec2013,1,24
2013,12,-718,27Dec2013,1,27
2013,12,-730,27Dec2013,1,27
2013,12,-974,24Dec2013,1,24
2013,12,-1000,20Dec2013,1,20
2013,12,-1500,24Dec2013,1,24
2013,12,-2322,17Dec2013,1,17
2014,1,17687.54,20Jan2014,FALSE,20
2014,1,49.27,28Jan2014,1,28
2014,1,-3.5,28Jan2014,1,28
2014,1,-10,29Jan2014,1,29
2014,1,-18.5,28Jan2014,1,28
2014,1,-23.95,17Jan2014,1,17
2014,1,-49.9,16Jan2014,1,16
2014,1,-59,28Jan2014,1,28
2014,1,-100,28Jan2014,1,28
2014,1,-107,16Jan2014,1,16
2014,1,-126.21,02Jan2014,1,2
2014,1,-173.23,16Jan2014,1,16
2014,1,-180,10Jan2014,1,10
2014,1,-217.4,02Jan2014,1,2
2014,1,-235,13Jan2014,1,13
2014,1,-270,10Jan2014,1,10
2014,1,-281.7,03Jan2014,1,3
2014,1,-322,14Jan2014,1,14
2014,1,-351.25,13Jan2014,1,13
2014,1,-380,10Jan2014,1,10
2014,1,-392.69,16Jan2014,1,16
2014,1,-397.3,30Jan2014,1,30
2014,1,-471.8,10Jan2014,1,10
2014,1,-488.5,17Jan2014,1,17
2014,1,-510,09Jan2014,1,9
2014,1,-558.64,20Jan2014,1,20
2014,1,-605.14,07Jan2014,1,7
2014,1,-650.23,23Jan2014,1,23
2014,1,-734.05,20Jan2014,1,20
2014,1,-886,15Jan2014,1,15
2014,1,-1000,10Jan2014,1,10
2014,1,-1162,22Jan2014,1,22
2014,1,-1500,02Jan2014,1,2
2014,1,-1500,15Jan2014,1,15
2014,1,-1500,25Jan2014,1,25
2014,1,-2100,09Jan2014,1,9
2014,1,-2348.32,28Jan2014,1,28
2014,1,-7581.6,23Jan2014,1,23
2014,1,-10996,21Jan2014,1,21
2014,1,-13466.04,20Jan2014,1,20
2014,2,17687.55,20Feb2014,FALSE,20
2014,2,26.44,25Feb2014,1,25
2014,2,-48.8,20Feb2014,1,20
2014,2,-59,25Feb2014,1,25
2014,2,-65.24,26Feb2014,1,26
2014,2,-75,26Feb2014,1,26
2014,2,-77.62,26Feb2014,1,26
2014,2,-82,25Feb2014,1,25
2014,2,-84.28,26Feb2014,1,26
2014,2,-122.5,10Feb2014,1,10
2014,2,-125,24Feb2014,1,24
2014,2,-200,08Feb2014,1,8
2014,2,-200,21Feb2014,1,21
2014,2,-200,26Feb2014,1,26
2014,2,-200.95,13Feb2014,1,13
2014,2,-233.88,24Feb2014,1,24
2014,2,-338.26,04Feb2014,1,4
2014,2,-409,24Feb2014,1,24
2014,2,-634.84,25Feb2014,1,25
2014,2,-666.46,06Feb2014,1,6
2014,2,-769.95,24Feb2014,1,24
2014,2,-890,25Feb2014,1,25
2014,2,-967,27Feb2014,1,27
2014,2,-1000,28Feb2014,1,28
2014,2,-1199,11Feb2014,1,11
2014,2,-1500,01Feb2014,1,1
2014,2,-1500,15Feb2014,1,15
2014,2,-1500,20Feb2014,1,20
2014,2,-1500,27Feb2014,1,27
2014,2,-1600,28Feb2014,1,28
2014,2,-2677.84,13Feb2014,1,13
2014,2,-2999,25Feb2014,1,25
2014,2,-3095,03Feb2014,1,3
2014,2,-3135,25Feb2014,1,25
2014,2,-4000,04Feb2014,1,4
2014,2,-13879.77,20Feb2014,1,20
2014,3,21396.81,20Mar2014,FALSE,20
2014,3,24.07,27Mar2014,1,27
2014,3,-29.09,10Mar2014,1,10
2014,3,-59,27Mar2014,1,27
2014,3,-72.9,11Mar2014,1,11
2014,3,-78.86,31Mar2014,1,31
2014,3,-100,14Mar2014,1,14
2014,3,-123.8,08Mar2014,1,8
2014,3,-180,05Mar2014,1,5
2014,3,-190.37,11Mar2014,1,11
2014,3,-191.79,31Mar2014,1,31
2014,3,-198,27Mar2014,1,27
2014,3,-295,11Mar2014,1,11
2014,3,-324.95,24Mar2014,1,24
2014,3,-400,27Mar2014,1,27
2014,3,-443.95,31Mar2014,1,31
2014,3,-500,06Mar2014,1,6
2014,3,-634.26,31Mar2014,1,31
2014,3,-643.7,13Mar2014,1,13
2014,3,-672.34,31Mar2014,1,31
2014,3,-676.73,04Mar2014,1,4
2014,3,-705.58,03Mar2014,1,3
2014,3,-718.7,24Mar2014,1,24
2014,3,-736.45,22Mar2014,1,22
2014,3,-759.98,11Mar2014,1,11
2014,3,-918,10Mar2014,1,10
2014,3,-950,03Mar2014,1,3
2014,3,-999,11Mar2014,1,11
2014,3,-1044.94,04Mar2014,1,4
2014,3,-1050,29Mar2014,1,29
2014,3,-1159.77,25Mar2014,1,25
2014,3,-1291.8,04Mar2014,1,4
2014,3,-1500,10Mar2014,1,10
2014,3,-1500,15Mar2014,1,15
2014,3,-1500,18Mar2014,1,18
2014,3,-1500,27Mar2014,1,27
2014,3,-1500,31Mar2014,1,31
2014,3,-1680,31Mar2014,1,31
2014,3,-2570.36,20Mar2014,1,20
2014,3,-3498,31Mar2014,1,31
2014,3,-6750,04Mar2014,1,4
2014,3,-8790,18Mar2014,1,18
2014,3,-10000,27Mar2014,1,27
2014,4,18400.79,22Apr2014,FALSE,22
2014,4,10000,29Apr2014,1,29
2014,4,6.67,25Apr2014,1,25
2014,4,-0.08,25Apr2014,1,25
2014,4,-11.2,25Apr2014,1,25
2014,4,-59,25Apr2014,1,25
2014,4,-74.99,23Apr2014,1,23
2014,4,-77.94,23Apr2014,1,23
2014,4,-90,16Apr2014,1,16
2014,4,-100,19Apr2014,1,19
2014,4,-100,29Apr2014,1,29
2014,4,-143.99,19Apr2014,1,19
2014,4,-154.52,19Apr2014,1,19
2014,4,-169.04,22Apr2014,1,22
2014,4,-198,23Apr2014,1,23
2014,4,-250,03Apr2014,1,3
2014,4,-291.25,29Apr2014,1,29
2014,4,-339,30Apr2014,1,30
2014,4,-361.8,30Apr2014,1,30
2014,4,-499.99,14Apr2014,1,14
2014,4,-631.95,23Apr2014,1,23
2014,4,-679.1,11Apr2014,1,11
2014,4,-692.9,03Apr2014,1,3
2014,4,-718.05,19Apr2014,1,19
2014,4,-801.68,01Apr2014,1,1
2014,4,-1000,14Apr2014,1,14
2014,4,-1050,30Apr2014,1,30
2014,4,-1500,10Apr2014,1,10
2014,4,-1500,22Apr2014,1,22
2014,4,-1500,30Apr2014,1,30
2014,4,-1549.63,22Apr2014,1,22
2014,4,-1890,30Apr2014,1,30
2014,4,-10000,29Apr2014,1,29
2014,5,18400.79,20May2014,FALSE,20
2014,5,15000,12May2014,1,12
2014,5,10.94,28May2014,1,28
2014,5,-11.2,28May2014,1,28
2014,5,-25,05May2014,1,5
2014,5,-45,23May2014,1,23
2014,5,-46.8,27May2014,1,27
2014,5,-59,28May2014,1,28
2014,5,-76.34,19May2014,1,19
2014,5,-90,27May2014,1,27
2014,5,-100,03May2014,1,3
2014,5,-100,26May2014,1,26
2014,5,-108,27May2014,1,27
2014,5,-150,16May2014,1,16
2014,5,-170,26May2014,1,26
2014,5,-180.23,20May2014,1,20
2014,5,-200,05May2014,1,5
2014,5,-200,06May2014,1,6
2014,5,-239.98,24May2014,1,24
2014,5,-282.46,21May2014,1,21
2014,5,-300,02May2014,1,2
2014,5,-329.98,24May2014,1,24
2014,5,-339,30May2014,1,30
2014,5,-354.91,03May2014,1,3
2014,5,-380,27May2014,1,27
2014,5,-380.28,30May2014,1,30
2014,5,-479.91,05May2014,1,5
2014,5,-500,22May2014,1,22
2014,5,-600,10May2014,1,10
2014,5,-640.25,21May2014,1,21
2014,5,-661.9,13May2014,1,13
2014,5,-665.12,31May2014,1,31
2014,5,-709.8,06May2014,1,6
2014,5,-775.75,24May2014,1,24
2014,5,-895,28May2014,1,28
2014,5,-1000,05May2014,1,5
2014,5,-1175,12May2014,1,12
2014,5,-1280,30May2014,1,30
2014,5,-1500,10May2014,1,10
2014,5,-1500,17May2014,1,17
2014,5,-1500,26May2014,1,26
2014,5,-1890,30May2014,1,30
2014,5,-2781.33,20May2014,1,20
2014,5,-4350.62,27May2014,1,27
2014,6,18400.79,20Jun2014,FALSE,20
2014,6,13209.2,23Jun2014,1,23
2014,6,1000,27Jun2014,1,27
2014,6,250,11Jun2014,1,11
2014,6,190,30Jun2014,1,30
2014,6,100,20Jun2014,1,20
2014,6,70,11Jun2014,1,11
2014,6,23.85,26Jun2014,1,26
2014,6,-7,26Jun2014,1,26
2014,6,-30.75,26Jun2014,1,26
2014,6,-48.9,12Jun2014,1,12
2014,6,-52.9,05Jun2014,1,5
2014,6,-59,26Jun2014,1,26
2014,6,-61.9,09Jun2014,1,9
2014,6,-66.9,06Jun2014,1,6
2014,6,-71,05Jun2014,1,5
2014,6,-74.21,24Jun2014,1,24
2014,6,-79.8,25Jun2014,1,25
2014,6,-100,02Jun2014,1,2
2014,6,-100,10Jun2014,1,10
2014,6,-152,21Jun2014,1,21
2014,6,-187.64,14Jun2014,1,14
2014,6,-200,03Jun2014,1,3
2014,6,-200,26Jun2014,1,26
2014,6,-204,11Jun2014,1,11
2014,6,-300,02Jun2014,1,2
2014,6,-339,30Jun2014,1,30
2014,6,-360,26Jun2014,1,26
2014,6,-367.32,30Jun2014,1,30
2014,6,-399.5,09Jun2014,1,9
2014,6,-402.27,03Jun2014,1,3
2014,6,-444.48,18Jun2014,1,18
2014,6,-500,17Jun2014,1,17
2014,6,-624.62,11Jun2014,1,11
2014,6,-646.85,21Jun2014,1,21
2014,6,-666.12,24Jun2014,1,24
2014,6,-761.6,20Jun2014,1,20
2014,6,-1000,17Jun2014,1,17
2014,6,-1000,17Jun2014,1,17
2014,6,-1000,24Jun2014,1,24
2014,6,-1000,27Jun2014,1,27
2014,6,-1032.95,17Jun2014,1,17
2014,6,-1050,27Jun2014,1,27
2014,6,-1500,07Jun2014,1,7
2014,6,-1500,12Jun2014,1,12
2014,6,-1500,18Jun2014,1,18
2014,6,-1500,21Jun2014,1,21
2014,6,-1550,19Jun2014,1,19
2014,6,-1588.51,26Jun2014,1,26
2014,6,-1680,27Jun2014,1,27
2014,6,-1816.37,10Jun2014,1,10
2014,6,-15351.12,20Jun2014,1,20
2014,7,23969.64,21Jul2014,FALSE,21
2014,7,21000,01Jul2014,1,1
2014,7,200,21Jul2014,1,21
2014,7,100,09Jul2014,1,9
2014,7,100,14Jul2014,1,14
2014,7,13.97,28Jul2014,1,28
2014,7,-0.03,28Jul2014,1,28
2014,7,-17.95,26Jul2014,1,26
2014,7,-40,31Jul2014,1,31
2014,7,-42.99,22Jul2014,1,22
2014,7,-47,26Jul2014,1,26
2014,7,-50,29Jul2014,1,29
2014,7,-59,28Jul2014,1,28
2014,7,-67.85,22Jul2014,1,22
2014,7,-71,25Jul2014,1,25
2014,7,-71,25Jul2014,1,25
2014,7,-79.8,29Jul2014,1,29
2014,7,-90,02Jul2014,1,2
2014,7,-92.9,31Jul2014,1,31
2014,7,-99,30Jul2014,1,30
2014,7,-110,01Jul2014,1,1
2014,7,-126,21Jul2014,1,21
2014,7,-150,05Jul2014,1,5
2014,7,-159.6,15Jul2014,1,15
2014,7,-159.7,16Jul2014,1,16
2014,7,-179,19Jul2014,1,19
2014,7,-200,24Jul2014,1,24
2014,7,-288.5,29Jul2014,1,29
2014,7,-317.75,21Jul2014,1,21
2014,7,-325,01Jul2014,1,1
2014,7,-326.7,10Jul2014,1,10
2014,7,-339,31Jul2014,1,31
2014,7,-380,07Jul2014,1,7
2014,7,-390.51,21Jul2014,1,21
2014,7,-400.15,25Jul2014,1,25
2014,7,-403.31,31Jul2014,1,31
2014,7,-421.55,15Jul2014,1,15
2014,7,-423.1,15Jul2014,1,15
2014,7,-442.25,04Jul2014,1,4
2014,7,-457.85,21Jul2014,1,21
2014,7,-470,15Jul2014,1,15
2014,7,-500,25Jul2014,1,25
2014,7,-849.75,28Jul2014,1,28
2014,7,-960,31Jul2014,1,31
2014,7,-1281.81,22Jul2014,1,22
2014,7,-1500,08Jul2014,1,8
2014,7,-1500,14Jul2014,1,14
2014,7,-1500,15Jul2014,1,15
2014,7,-1500,17Jul2014,1,17
2014,7,-1500,21Jul2014,1,21
2014,7,-1500,31Jul2014,1,31
2014,7,-2100,31Jul2014,1,31
2014,7,-6955.22,21Jul2014,1,21
2014,8,23969.65,20Aug2014,FALSE,20
2014,8,10000,29Aug2014,1,29
2014,8,1000,06Aug2014,1,6
2014,8,24.53,27Aug2014,1,27
2014,8,-19.8,11Aug2014,1,11
2014,8,-29.98,18Aug2014,1,18
2014,8,-59,27Aug2014,1,27
2014,8,-67.01,01Aug2014,1,1
2014,8,-76.95,27Aug2014,1,27
2014,8,-110,01Aug2014,1,1
2014,8,-152.99,05Aug2014,1,5
2014,8,-200,18Aug2014,1,18
2014,8,-200,26Aug2014,1,26
2014,8,-202.41,30Aug2014,1,30
2014,8,-218.47,19Aug2014,1,19
2014,8,-291.58,11Aug2014,1,11
2014,8,-325,01Aug2014,1,1
2014,8,-325,16Aug2014,1,16
2014,8,-339,29Aug2014,1,29
2014,8,-344.64,14Aug2014,1,14
2014,8,-364.55,01Aug2014,1,1
2014,8,-411.7,12Aug2014,1,12
2014,8,-440,19Aug2014,1,19
2014,8,-442.75,27Aug2014,1,27
2014,8,-462.17,07Aug2014,1,7
2014,8,-525,05Aug2014,1,5
2014,8,-529.44,19Aug2014,1,19
2014,8,-580,18Aug2014,1,18
2014,8,-600,12Aug2014,1,12
2014,8,-946,12Aug2014,1,12
2014,8,-1000,11Aug2014,1,11
2014,8,-1000,16Aug2014,1,16
2014,8,-1050,29Aug2014,1,29
2014,8,-1281.81,22Aug2014,1,22
2014,8,-1500,11Aug2014,1,11
2014,8,-1500,30Aug2014,1,30
2014,8,-1541.38,11Aug2014,1,11
2014,8,-1680,29Aug2014,1,29
2014,8,-2698,25Aug2014,1,25
2014,8,-17465.79,20Aug2014,1,20
2014,8,-27909.36,25Aug2014,1,25
2014,9,23969.64,20Sep2014,FALSE,20
2014,9,17000,01Sep2014,1,1
2014,9,15000,22Sep2014,1,22
2014,9,10500,01Sep2014,1,1
2014,9,1000,01Sep2014,1,1
2014,9,755,22Sep2014,1,22
2014,9,37,08Sep2014,1,8
2014,9,36.02,26Sep2014,1,26
2014,9,-4.5,10Sep2014,1,10
2014,9,-4.5,13Sep2014,1,13
2014,9,-6.76,08Sep2014,1,8
2014,9,-12,29Sep2014,1,29
2014,9,-12,29Sep2014,1,29
2014,9,-23.5,15Sep2014,1,15
2014,9,-39.8,13Sep2014,1,13
2014,9,-43,13Sep2014,1,13
2014,9,-47,20Sep2014,1,20
2014,9,-47,26Sep2014,1,26
2014,9,-59,26Sep2014,1,26
2014,9,-71,17Sep2014,1,17
2014,9,-71,25Sep2014,1,25
2014,9,-72.92,08Sep2014,1,8
2014,9,-88,22Sep2014,1,22
2014,9,-100,05Sep2014,1,5
2014,9,-100,15Sep2014,1,15
2014,9,-110,01Sep2014,1,1
2014,9,-155.7,08Sep2014,1,8
2014,9,-165.3,13Sep2014,1,13
2014,9,-200,06Sep2014,1,6
2014,9,-206.4,19Sep2014,1,19
2014,9,-235,05Sep2014,1,5
2014,9,-270,02Sep2014,1,2
2014,9,-315,19Sep2014,1,19
2014,9,-325,01Sep2014,1,1
2014,9,-339,30Sep2014,1,30
2014,9,-350.01,01Sep2014,1,1
2014,9,-396.8,15Sep2014,1,15
2014,9,-397.35,17Sep2014,1,17
2014,9,-400,25Sep2014,1,25
2014,9,-421.9,05Sep2014,1,5
2014,9,-456.11,30Sep2014,1,30
2014,9,-484.35,25Sep2014,1,25
2014,9,-500,12Sep2014,1,12
2014,9,-555.83,18Sep2014,1,18
2014,9,-820,02Sep2014,1,2
2014,9,-1281.81,22Sep2014,1,22
2014,9,-1500,06Sep2014,1,6
2014,9,-1500,17Sep2014,1,17
2014,9,-1500,29Sep2014,1,29
2014,9,-1577.58,20Sep2014,1,20
2014,9,-2018.7,06Sep2014,1,6
2014,9,-3510.42,17Sep2014,1,17
2014,9,-4200,05Sep2014,1,5
2014,9,-11847.56,20Sep2014,1,20
2014,9,-13257.2,18Sep2014,1,18
2014,10,23969.65,20Oct2014,FALSE,20
2014,10,1147.6,18Oct2014,1,18
2014,10,375,20Oct2014,1,20
2014,10,250,23Oct2014,1,23
2014,10,67.07,28Oct2014,1,28
2014,10,-9.5,08Oct2014,1,8
2014,10,-9.5,18Oct2014,1,18
2014,10,-19.8,22Oct2014,1,22
2014,10,-19.9,22Oct2014,1,22
2014,10,-59,28Oct2014,1,28
2014,10,-100,15Oct2014,1,15
2014,10,-110,01Oct2014,1,1
2014,10,-200,02Oct2014,1,2
2014,10,-200,22Oct2014,1,22
2014,10,-200,30Oct2014,1,30
2014,10,-325,01Oct2014,1,1
2014,10,-339,31Oct2014,1,31
2014,10,-350.44,30Oct2014,1,30
2014,10,-352.43,30Oct2014,1,30
2014,10,-371,13Oct2014,1,13
2014,10,-404.65,25Oct2014,1,25
2014,10,-410.11,18Oct2014,1,18
2014,10,-413.1,14Oct2014,1,14
2014,10,-489.66,01Oct2014,1,1
2014,10,-681,18Oct2014,1,18
2014,10,-750,01Oct2014,1,1
2014,10,-890,31Oct2014,1,31
2014,10,-1060,31Oct2014,1,31
2014,10,-1100,20Oct2014,1,20
2014,10,-1281.81,22Oct2014,1,22
2014,10,-1500,21Oct2014,1,21
2014,10,-1500,27Oct2014,1,27
2014,10,-1763.59,20Oct2014,1,20
2014,10,-1890,01Oct2014,1,1
2014,10,-2875,13Oct2014,1,13
2014,10,-3500,03Oct2014,1,3
2014,10,-6020,23Oct2014,1,23
2014,10,-6951.15,17Oct2014,1,17
2014,10,-10000,09Oct2014,1,9
2014,10,-10000,14Oct2014,1,14
2014,10,-10000,20Oct2014,1,20
2014,10,-10000,29Oct2014,1,29
2014,10,-10000,29Oct2014,1,29
2014,10,-15580,14Oct2014,1,14
2014,11,23969.64,20Nov2014,FALSE,20
2014,11,6193,03Nov2014,1,3
2014,11,3500,17Nov2014,1,17
2014,11,2000,14Nov2014,1,14
2014,11,1000,10Nov2014,1,10
2014,11,-10,13Nov2014,1,13
2014,11,-39.9,08Nov2014,1,8
2014,11,-42.99,07Nov2014,1,7
2014,11,-44,28Nov2014,1,28
2014,11,-45,10Nov2014,1,10
2014,11,-47,05Nov2014,1,5
2014,11,-47,12Nov2014,1,12
2014,11,-50,17Nov2014,1,17
2014,11,-59,26Nov2014,1,26
2014,11,-71,05Nov2014,1,5
2014,11,-71,12Nov2014,1,12
2014,11,-75.63,28Nov2014,1,28
2014,11,-90,10Nov2014,1,10
2014,11,-110,03Nov2014,1,3
2014,11,-180,15Nov2014,1,15
2014,11,-185.7,10Nov2014,1,10
2014,11,-200,07Nov2014,1,7
2014,11,-200,13Nov2014,1,13
2014,11,-200,17Nov2014,1,17
2014,11,-210.96,18Nov2014,1,18
2014,11,-311.05,03Nov2014,1,3
2014,11,-339,28Nov2014,1,28
2014,11,-381.75,07Nov2014,1,7
2014,11,-399.65,13Nov2014,1,13
2014,11,-406.11,18Nov2014,1,18
2014,11,-494.8,25Nov2014,1,25
2014,11,-575,03Nov2014,1,3
2014,11,-681,18Nov2014,1,18
2014,11,-951.15,19Nov2014,1,19
2014,11,-1050,28Nov2014,1,28
2014,11,-1281.81,22Nov2014,1,22
2014,11,-1500,01Nov2014,1,1
2014,11,-1500,08Nov2014,1,8
2014,11,-1500,15Nov2014,1,15
2014,11,-1500,28Nov2014,1,28
2014,11,-1850,28Nov2014,1,28
2014,11,-1923,12Nov2014,1,12
2014,11,-2942,18Nov2014,1,18
2014,11,-3000,24Nov2014,1,24
2014,11,-4450,14Nov2014,1,14
2014,11,-4500,18Nov2014,1,18
2014,11,-7710.58,20Nov2014,1,20
2014,11,-8335,21Nov2014,1,21
2014,11,-9570,24Nov2014,1,24
2014,11,-9815.4,19Nov2014,1,19
2014,11,-17874,06Nov2014,1,6
2014,11,-25488,10Nov2014,1,10
2014,12,18388.58,20Dec2014,FALSE,20
2014,12,49.59,27Dec2014,1,27
2014,12,-10,17Dec2014,1,17
2014,12,-11.2,27Dec2014,1,27
2014,12,-15,08Dec2014,1,8
2014,12,-19.99,03Dec2014,1,3
2014,12,-29.4,30Dec2014,1,30
2014,12,-35,20Dec2014,1,20
2014,12,-39,18Dec2014,1,18
2014,12,-39.95,19Dec2014,1,19
2014,12,-47,31Dec2014,1,31
2014,12,-47,31Dec2014,1,31
2014,12,-50,04Dec2014,1,4
2014,12,-51,08Dec2014,1,8
2014,12,-59,27Dec2014,1,27
2014,12,-60,08Dec2014,1,8
2014,12,-63,08Dec2014,1,8
2014,12,-65.04,15Dec2014,1,15
2014,12,-69.95,19Dec2014,1,19
2014,12,-71,31Dec2014,1,31
2014,12,-71,31Dec2014,1,31
2014,12,-72,12Dec2014,1,12
2014,12,-74.8,12Dec2014,1,12
2014,12,-77.4,03Dec2014,1,3
2014,12,-97.38,12Dec2014,1,12
2014,12,-99.9,24Dec2014,1,24
2014,12,-109.8,18Dec2014,1,18
2014,12,-110,01Dec2014,1,1
2014,12,-113.95,30Dec2014,1,30
2014,12,-117.6,19Dec2014,1,19
2014,12,-120.85,22Dec2014,1,22
2014,12,-146.9,11Dec2014,1,11
2014,12,-160,15Dec2014,1,15
2014,12,-176.73,24Dec2014,1,24
2014,12,-179.8,12Dec2014,1,12
2014,12,-189.77,24Dec2014,1,24
2014,12,-200,03Dec2014,1,3
2014,12,-200,10Dec2014,1,10
2014,12,-200,19Dec2014,1,19
2014,12,-220,09Dec2014,1,9
2014,12,-226.77,18Dec2014,1,18
2014,12,-231.18,05Dec2014,1,5
2014,12,-245.98,31Dec2014,1,31
2014,12,-255,19Dec2014,1,19
2014,12,-273,11Dec2014,1,11
2014,12,-299.93,13Dec2014,1,13
2014,12,-306.48,01Dec2014,1,1
2014,12,-325,01Dec2014,1,1
2014,12,-339,31Dec2014,1,31
2014,12,-345.29,18Dec2014,1,18
2014,12,-348.55,30Dec2014,1,30
2014,12,-350.01,01Dec2014,1,1
2014,12,-360,08Dec2014,1,8
2014,12,-389.85,29Dec2014,1,29
2014,12,-400.49,11Dec2014,1,11
2014,12,-402.31,24Dec2014,1,24
2014,12,-406.55,02Dec2014,1,2
2014,12,-440,15Dec2014,1,15
2014,12,-459,17Dec2014,1,17
2014,12,-489.5,15Dec2014,1,15
2014,12,-519.95,01Dec2014,1,1
2014,12,-524.8,04Dec2014,1,4
2014,12,-550.7,19Dec2014,1,19
2014,12,-560,08Dec2014,1,8
2014,12,-618,15Dec2014,1,15
2014,12,-629.2,18Dec2014,1,18
2014,12,-681,18Dec2014,1,18
2014,12,-697.2,17Dec2014,1,17
2014,12,-752.4,04Dec2014,1,4
2014,12,-799.95,18Dec2014,1,18
2014,12,-812.7,19Dec2014,1,19
2014,12,-865.54,22Dec2014,1,22
2014,12,-1078,19Dec2014,1,19
2014,12,-1124,31Dec2014,1,31
2014,12,-1187,15Dec2014,1,15
2014,12,-1234.8,19Dec2014,1,19
2014,12,-1281.81,22Dec2014,1,22
2014,12,-1500,08Dec2014,1,8
2014,12,-1500,13Dec2014,1,13
2014,12,-1500,19Dec2014,1,19
2014,12,-1500,22Dec2014,1,22
2014,12,-1575,22Dec2014,1,22
2014,12,-1655.25,11Dec2014,1,11
2014,12,-1830.01,20Dec2014,1,20
2014,12,-2000,18Dec2014,1,18
2014,12,-2122.9,19Dec2014,1,19
2014,12,-2365.7,13Dec2014,1,13
2014,12,-2500,13Dec2014,1,13
2014,12,-2663.6,27Dec2014,1,27
2014,12,-2735,22Dec2014,1,22
2014,12,-2768.65,23Dec2014,1,23
2014,12,-2986,29Dec2014,1,29
2014,12,-3011.57,13Dec2014,1,13
2014,12,-3449,27Dec2014,1,27
2014,12,-3699.9,10Dec2014,1,10
2014,12,-3806.5,31Dec2014,1,31
2014,12,-3900,29Dec2014,1,29
2014,12,-3995,19Dec2014,1,19
2014,12,-4500,03Dec2014,1,3
2014,12,-5385.36,18Dec2014,1,18
2014,12,-7097,09Dec2014,1,9
2014,12,-9238.85,13Dec2014,1,13
2014,12,-10000,15Dec2014,1,15
2014,12,-13018.92,20Dec2014,1,20
2014,12,-24000,05Dec2014,1,5
2014,12,-41054.95,19Dec2014,1,19
2015,1,46080.76,23Jan2015,FALSE,23
2015,1,24.57,28Jan2015,1,28
2015,1,-3.5,28Jan2015,1,28
2015,1,-8.5,05Jan2015,1,5
2015,1,-9,03Jan2015,1,3
2015,1,-10,06Jan2015,1,6
2015,1,-10,06Jan2015,1,6
2015,1,-19.3,28Jan2015,1,28
2015,1,-21.9,06Jan2015,1,6
2015,1,-25,20Jan2015,1,20
2015,1,-30,08Jan2015,1,8
2015,1,-33,03Jan2015,1,3
2015,1,-38,03Jan2015,1,3
2015,1,-38,29Jan2015,1,29
2015,1,-39,03Jan2015,1,3
2015,1,-39,07Jan2015,1,7
2015,1,-40,15Jan2015,1,15
2015,1,-43,06Jan2015,1,6
2015,1,-48,07Jan2015,1,7
2015,1,-48,14Jan2015,1,14
2015,1,-52,03Jan2015,1,3
2015,1,-54.8,05Jan2015,1,5
2015,1,-55.9,13Jan2015,1,13
2015,1,-56,03Jan2015,1,3
2015,1,-56,06Jan2015,1,6
2015,1,-61.7,21Jan2015,1,21
2015,1,-63,06Jan2015,1,6
2015,1,-66,28Jan2015,1,28
2015,1,-68.4,07Jan2015,1,7
2015,1,-70,05Jan2015,1,5
2015,1,-74.39,20Jan2015,1,20
2015,1,-75.9,06Jan2015,1,6
2015,1,-82,12Jan2015,1,12
2015,1,-85,03Jan2015,1,3
2015,1,-88.8,08Jan2015,1,8
2015,1,-90,21Jan2015,1,21
2015,1,-93.8,06Jan2015,1,6
2015,1,-98.12,31Jan2015,1,31
2015,1,-110,02Jan2015,1,2
2015,1,-125,06Jan2015,1,6
2015,1,-126.05,14Jan2015,1,14
2015,1,-127.42,13Jan2015,1,13
2015,1,-129.95,13Jan2015,1,13
2015,1,-135,26Jan2015,1,26
2015,1,-135.9,15Jan2015,1,15
2015,1,-150.6,20Jan2015,1,20
2015,1,-173.71,28Jan2015,1,28
2015,1,-179,22Jan2015,1,22
2015,1,-185.89,12Jan2015,1,12
2015,1,-200,09Jan2015,1,9
2015,1,-200,21Jan2015,1,21
2015,1,-200,30Jan2015,1,30
2015,1,-212.97,28Jan2015,1,28
2015,1,-216.48,06Jan2015,1,6
2015,1,-230,14Jan2015,1,14
2015,1,-254.6,06Jan2015,1,6
2015,1,-265,03Jan2015,1,3
2015,1,-267.83,09Jan2015,1,9
2015,1,-279.51,20Jan2015,1,20
2015,1,-300,28Jan2015,1,28
2015,1,-325,02Jan2015,1,2
2015,1,-339,30Jan2015,1,30
2015,1,-350,03Jan2015,1,3
2015,1,-350.01,30Jan2015,1,30
2015,1,-360,06Jan2015,1,6
2015,1,-369.58,02Jan2015,1,2
2015,1,-370,27Jan2015,1,27
2015,1,-371.4,05Jan2015,1,5
2015,1,-380.7,06Jan2015,1,6
2015,1,-389.24,05Jan2015,1,5
2015,1,-400,19Jan2015,1,19
2015,1,-429.27,26Jan2015,1,26
2015,1,-435,17Jan2015,1,17
2015,1,-476.39,16Jan2015,1,16
2015,1,-480,09Jan2015,1,9
2015,1,-500,20Jan2015,1,20
2015,1,-568.94,23Jan2015,1,23
2015,1,-795.39,20Jan2015,1,20
2015,1,-799,09Jan2015,1,9
2015,1,-945,26Jan2015,1,26
2015,1,-1000,06Jan2015,1,6
2015,1,-1026,16Jan2015,1,16
2015,1,-1210,06Jan2015,1,6
2015,1,-1281.81,22Jan2015,1,22
2015,1,-1460,29Jan2015,1,29
2015,1,-1500,19Jan2015,1,19
2015,1,-1500,31Jan2015,1,31
2015,1,-1563,26Jan2015,1,26
2015,1,-1600,03Jan2015,1,3
2015,1,-1890,30Jan2015,1,30
2015,1,-2500,29Jan2015,1,29
2015,1,-3000,15Jan2015,1,15
2015,1,-3594,21Jan2015,1,21
2015,1,-6700,22Jan2015,1,22
2015,1,-12000,21Jan2015,1,21
2015,1,-17870,24Jan2015,1,24
2015,2,45645.05,25Feb2015,FALSE,25
2015,2,30000,17Feb2015,1,17
2015,2,20000,09Feb2015,1,9
2015,2,10.87,25Feb2015,1,25
2015,2,-9,10Feb2015,1,10
2015,2,-48.3,07Feb2015,1,7
2015,2,-50,13Feb2015,1,13
2015,2,-54.9,16Feb2015,1,16
2015,2,-66,25Feb2015,1,25
2015,2,-95,23Feb2015,1,23
2015,2,-95,28Feb2015,1,28
2015,2,-107.5,16Feb2015,1,16
2015,2,-110,02Feb2015,1,2
2015,2,-115,02Feb2015,1,2
2015,2,-122.4,03Feb2015,1,3
2015,2,-129,24Feb2015,1,24
2015,2,-137,14Feb2015,1,14
2015,2,-150.09,07Feb2015,1,7
2015,2,-159,27Feb2015,1,27
2015,2,-188.6,04Feb2015,1,4
2015,2,-270,26Feb2015,1,26
2015,2,-275,16Feb2015,1,16
2015,2,-280.3,03Feb2015,1,3
2015,2,-300,14Feb2015,1,14
2015,2,-320,24Feb2015,1,24
2015,2,-320,27Feb2015,1,27
2015,2,-320.93,13Feb2015,1,13
2015,2,-325,02Feb2015,1,2
2015,2,-326.22,09Feb2015,1,9
2015,2,-353.4,17Feb2015,1,17
2015,2,-400,03Feb2015,1,3
2015,2,-411.79,16Feb2015,1,16
2015,2,-423.8,04Feb2015,1,4
2015,2,-444.33,04Feb2015,1,4
2015,2,-445.25,02Feb2015,1,2
2015,2,-500,07Feb2015,1,7
2015,2,-600,07Feb2015,1,7
2015,2,-635,03Feb2015,1,3
2015,2,-914,10Feb2015,1,10
2015,2,-947.07,03Feb2015,1,3
2015,2,-1000,16Feb2015,1,16
2015,2,-1080.67,04Feb2015,1,4
2015,2,-1281.81,23Feb2015,1,23
2015,2,-1500,16Feb2015,1,16
2015,2,-1500,28Feb2015,1,28
2015,2,-1563,25Feb2015,1,25
2015,2,-2108,04Feb2015,1,4
2015,2,-2280,02Feb2015,1,2
2015,2,-2454.95,20Feb2015,1,20
2015,2,-2500,03Feb2015,1,3
2015,2,-3702.56,03Feb2015,1,3
2015,2,-4225,18Feb2015,1,18
2015,2,-4735,25Feb2015,1,25
2015,2,-5347,23Feb2015,1,23
2015,2,-5415.55,21Feb2015,1,21
2015,2,-10000,07Feb2015,1,7
2015,2,-12000,20Feb2015,1,20
2015,2,-18000,25Feb2015,1,25
2015,3,45884.86,25Mar2015,FALSE,25
2015,3,15000,31Mar2015,1,31
2015,3,1500,03Mar2015,1,3
2015,3,1500,12Mar2015,1,12
2015,3,1000,12Mar2015,1,12
2015,3,13.53,27Mar2015,1,27
2015,3,-3,03Mar2015,1,3
2015,3,-9.5,30Mar2015,1,30
2015,3,-9.6,03Mar2015,1,3
2015,3,-15,27Mar2015,1,27
2015,3,-42,12Mar2015,1,12
2015,3,-42,28Mar2015,1,28
2015,3,-50,10Mar2015,1,10
2015,3,-50,26Mar2015,1,26
2015,3,-66,27Mar2015,1,27
2015,3,-69,25Mar2015,1,25
2015,3,-85,31Mar2015,1,31
2015,3,-87.3,23Mar2015,1,23
2015,3,-120,07Mar2015,1,7
2015,3,-120,13Mar2015,1,13
2015,3,-120,27Mar2015,1,27
2015,3,-159,31Mar2015,1,31
2015,3,-174.5,09Mar2015,1,9
2015,3,-180,02Mar2015,1,2
2015,3,-200,02Mar2015,1,2
2015,3,-200,09Mar2015,1,9
2015,3,-234,02Mar2015,1,2
2015,3,-243.84,12Mar2015,1,12
2015,3,-250,23Mar2015,1,23
2015,3,-253,06Mar2015,1,6
2015,3,-298,14Mar2015,1,14
2015,3,-312,07Mar2015,1,7
2015,3,-322,23Mar2015,1,23
2015,3,-341.1,19Mar2015,1,19
2015,3,-350.01,30Mar2015,1,30
2015,3,-352.51,02Mar2015,1,2
2015,3,-396.27,30Mar2015,1,30
2015,3,-420.76,30Mar2015,1,30
2015,3,-435,02Mar2015,1,2
2015,3,-449,24Mar2015,1,24
2015,3,-450,30Mar2015,1,30
2015,3,-633.12,03Mar2015,1,3
2015,3,-681,11Mar2015,1,11
2015,3,-1000,12Mar2015,1,12
2015,3,-1000,14Mar2015,1,14
2015,3,-1200,02Mar2015,1,2
2015,3,-1250,31Mar2015,1,31
2015,3,-1281.81,20Mar2015,1,20
2015,3,-1500,12Mar2015,1,12
2015,3,-1563,25Mar2015,1,25
2015,3,-1595,09Mar2015,1,9
2015,3,-1680,02Mar2015,1,2
2015,3,-2250,31Mar2015,1,31
2015,3,-2740,24Mar2015,1,24
2015,3,-3000,30Mar2015,1,30
2015,3,-3077.14,20Mar2015,1,20
2015,3,-4450,17Mar2015,1,17
2015,3,-4770,09Mar2015,1,9
2015,3,-5000,03Mar2015,1,3
2015,3,-8138.71,19Mar2015,1,19
2015,3,-11000,30Mar2015,1,30
2015,3,-13100,17Mar2015,1,17
2015,3,-18000,25Mar2015,1,25
2015,3,-23227.5,26Mar2015,1,26
2015,4,45884.87,24Apr2015,FALSE,24
2015,4,10443.58,21Apr2015,1,21
2015,4,5000,02Apr2015,1,2
2015,4,5000,24Apr2015,1,24
2015,4,2000,02Apr2015,1,2
2015,4,1143.97,08Apr2015,1,8
2015,4,64.12,23Apr2015,1,23
2015,4,7.28,25Apr2015,1,25
2015,4,-3.5,25Apr2015,1,25
2015,4,-3.77,25Apr2015,1,25
2015,4,-9.5,01Apr2015,1,1
2015,4,-14.18,25Apr2015,1,25
2015,4,-23.39,29Apr2015,1,29
2015,4,-40,17Apr2015,1,17
2015,4,-50,24Apr2015,1,24
2015,4,-66,25Apr2015,1,25
2015,4,-91.7,02Apr2015,1,2
2015,4,-95,17Apr2015,1,17
2015,4,-100,01Apr2015,1,1
2015,4,-100,29Apr2015,1,29
2015,4,-107.5,18Apr2015,1,18
2015,4,-120,16Apr2015,1,16
2015,4,-142.4,14Apr2015,1,14
2015,4,-159,30Apr2015,1,30
2015,4,-160.44,18Apr2015,1,18
2015,4,-180,13Apr2015,1,13
2015,4,-200,22Apr2015,1,22
2015,4,-277,15Apr2015,1,15
2015,4,-395,01Apr2015,1,1
2015,4,-400,22Apr2015,1,22
2015,4,-406.7,18Apr2015,1,18
2015,4,-435,01Apr2015,1,1
2015,4,-600,11Apr2015,1,11
2015,4,-600,18Apr2015,1,18
2015,4,-1000,18Apr2015,1,18
2015,4,-1000,28Apr2015,1,28
2015,4,-1000,28Apr2015,1,28
2015,4,-1179.9,13Apr2015,1,13
2015,4,-1281.81,22Apr2015,1,22
2015,4,-1500,04Apr2015,1,4
2015,4,-1520,18Apr2015,1,18
2015,4,-1563,28Apr2015,1,28
2015,4,-1800,30Apr2015,1,30
2015,4,-2140,30Apr2015,1,30
2015,4,-3054.94,24Apr2015,1,24
2015,4,-4500,24Apr2015,1,24
2015,4,-5000,01Apr2015,1,1
2015,4,-6727.14,07Apr2015,1,7
2015,4,-10443.58,20Apr2015,1,20
2015,4,-10443.58,24Apr2015,1,24
2015,4,-18000,24Apr2015,1,24
2015,5,45884.86,25May2015,FALSE,25
2015,5,20000,20May2015,1,20
2015,5,19800,25May2015,1,25
2015,5,18000,09May2015,1,9
2015,5,12000,25May2015,1,25
2015,5,9647.02,06May2015,1,6
2015,5,5000,05May2015,1,5
2015,5,4000,05May2015,1,5
2015,5,986.32,28May2015,1,28
2015,5,-0.99,27May2015,1,27
2015,5,-3.5,27May2015,1,27
2015,5,-10.34,27May2015,1,27
2015,5,-32.99,21May2015,1,21
2015,5,-37.94,09May2015,1,9
2015,5,-38.76,25May2015,1,25
2015,5,-48.8,08May2015,1,8
2015,5,-57,07May2015,1,7
2015,5,-66,27May2015,1,27
2015,5,-90,05May2015,1,5
2015,5,-153.31,21May2015,1,21
2015,5,-197.2,27May2015,1,27
2015,5,-198,04May2015,1,4
2015,5,-234.8,29May2015,1,29
2015,5,-264.59,09May2015,1,9
2015,5,-290,07May2015,1,7
2015,5,-300,11May2015,1,11
2015,5,-300,25May2015,1,25
2015,5,-309,08May2015,1,8
2015,5,-320,04May2015,1,4
2015,5,-349.73,04May2015,1,4
2015,5,-352.87,11May2015,1,11
2015,5,-355,16May2015,1,16
2015,5,-403.5,29May2015,1,29
2015,5,-416.3,13May2015,1,13
2015,5,-420.6,18May2015,1,18
2015,5,-435,07May2015,1,7
2015,5,-450,23May2015,1,23
2015,5,-450,26May2015,1,26
2015,5,-499.9,18May2015,1,18
2015,5,-562.77,14May2015,1,14
2015,5,-670,27May2015,1,27
2015,5,-856.29,26May2015,1,26
2015,5,-1000,05May2015,1,5
2015,5,-1000,09May2015,1,9
2015,5,-1000,25May2015,1,25
2015,5,-1003.2,25May2015,1,25
2015,5,-1036.5,25May2015,1,25
2015,5,-1316,11May2015,1,11
2015,5,-1477.93,12May2015,1,12
2015,5,-1500,02May2015,1,2
2015,5,-1500,28May2015,1,28
2015,5,-1500,29May2015,1,29
2015,5,-1563,25May2015,1,25
2015,5,-1563.06,22May2015,1,22
2015,5,-2139.53,11May2015,1,11
2015,5,-2250,02May2015,1,2
2015,5,-2472.5,11May2015,1,11
2015,5,-4398,16May2015,1,16
2015,5,-5000,04May2015,1,4
2015,5,-5000,11May2015,1,11
2015,5,-5537,25May2015,1,25
2015,5,-18000,25May2015,1,25
2015,5,-20045.18,20May2015,1,20
2015,5,-21850,25May2015,1,25
2015,6,45884.86,25Jun2015,FALSE,25
2015,6,19937.6,22Jun2015,1,22
2015,6,18000,04Jun2015,1,4
2015,6,10000,30Jun2015,1,30
2015,6,4500,29Jun2015,1,29
2015,6,4200,03Jun2015,1,3
2015,6,14.64,26Jun2015,1,26
2015,6,-6.75,26Jun2015,1,26
2015,6,-7,26Jun2015,1,26
2015,6,-24.4,19Jun2015,1,19
2015,6,-38.6,26Jun2015,1,26
2015,6,-49,25Jun2015,1,25
2015,6,-57,17Jun2015,1,17
2015,6,-57,25Jun2015,1,25
2015,6,-57,27Jun2015,1,27
2015,6,-60,20Jun2015,1,20
2015,6,-65,19Jun2015,1,19
2015,6,-66,26Jun2015,1,26
2015,6,-71.49,17Jun2015,1,17
2015,6,-110,29Jun2015,1,29
2015,6,-113.08,30Jun2015,1,30
2015,6,-125.43,29Jun2015,1,29
2015,6,-140,03Jun2015,1,3
2015,6,-167.5,18Jun2015,1,18
2015,6,-174,05Jun2015,1,5
2015,6,-178.67,09Jun2015,1,9
2015,6,-197.83,17Jun2015,1,17
2015,6,-211.76,09Jun2015,1,9
2015,6,-213.08,15Jun2015,1,15
2015,6,-219.91,13Jun2015,1,13
2015,6,-239.5,06Jun2015,1,6
2015,6,-239.63,06Jun2015,1,6
2015,6,-240,19Jun2015,1,19
2015,6,-246.43,30Jun2015,1,30
2015,6,-250,15Jun2015,1,15
2015,6,-260,08Jun2015,1,8
2015,6,-260,27Jun2015,1,27
2015,6,-275,09Jun2015,1,9
2015,6,-314.32,01Jun2015,1,1
2015,6,-344,05Jun2015,1,5
2015,6,-349.63,01Jun2015,1,1
2015,6,-350,12Jun2015,1,12
2015,6,-355,18Jun2015,1,18
2015,6,-435,01Jun2015,1,1
2015,6,-495.6,12Jun2015,1,12
2015,6,-502.02,25Jun2015,1,25
2015,6,-590,09Jun2015,1,9
2015,6,-604.89,29Jun2015,1,29
2015,6,-625,23Jun2015,1,23
2015,6,-679.6,30Jun2015,1,30
2015,6,-693.81,15Jun2015,1,15
2015,6,-990,25Jun2015,1,25
2015,6,-1000,06Jun2015,1,6
2015,6,-1000,17Jun2015,1,17
2015,6,-1003.2,18Jun2015,1,18
2015,6,-1103.98,02Jun2015,1,2
2015,6,-1363.89,06Jun2015,1,6
2015,6,-1500,08Jun2015,1,8
2015,6,-1500,18Jun2015,1,18
2015,6,-1500,27Jun2015,1,27
2015,6,-1500,30Jun2015,1,30
2015,6,-1563,25Jun2015,1,25
2015,6,-1563.06,22Jun2015,1,22
2015,6,-1750,30Jun2015,1,30
2015,6,-2000,01Jun2015,1,1
2015,6,-2768.63,23Jun2015,1,23
2015,6,-4148.88,26Jun2015,1,26
2015,6,-5000,01Jun2015,1,1
2015,6,-6156,09Jun2015,1,9
2015,6,-6156,30Jun2015,1,30
2015,6,-10838.7,30Jun2015,1,30
2015,6,-19937.6,20Jun2015,1,20
2015,6,-20000,25Jun2015,1,25
2015,7,45884.87,24Jul2015,FALSE,24
2015,7,27496.66,22Jul2015,1,22
2015,7,17720,06Jul2015,1,6
2015,7,3000,22Jul2015,1,22
2015,7,1005.88,31Jul2015,1,31
2015,7,132.81,31Jul2015,1,31
2015,7,13.36,28Jul2015,1,28
2015,7,-10,24Jul2015,1,24
2015,7,-11.35,28Jul2015,1,28
2015,7,-19.98,10Jul2015,1,10
2015,7,-25,25Jul2015,1,25
2015,7,-37,07Jul2015,1,7
2015,7,-40.3,09Jul2015,1,9
2015,7,-48.9,10Jul2015,1,10
2015,7,-50,24Jul2015,1,24
2015,7,-58,08Jul2015,1,8
2015,7,-58.9,24Jul2015,1,24
2015,7,-66,28Jul2015,1,28
2015,7,-69,25Jul2015,1,25
2015,7,-69.95,09Jul2015,1,9
2015,7,-122,23Jul2015,1,23
2015,7,-164,24Jul2015,1,24
2015,7,-176,06Jul2015,1,6
2015,7,-180,20Jul2015,1,20
2015,7,-215,21Jul2015,1,21
2015,7,-218.99,15Jul2015,1,15
2015,7,-219.59,30Jul2015,1,30
2015,7,-220,14Jul2015,1,14
2015,7,-223.45,15Jul2015,1,15
2015,7,-242.52,11Jul2015,1,11
2015,7,-249,20Jul2015,1,20
2015,7,-262.49,16Jul2015,1,16
2015,7,-298.34,20Jul2015,1,20
2015,7,-300,07Jul2015,1,7
2015,7,-349,31Jul2015,1,31
2015,7,-349.51,01Jul2015,1,1
2015,7,-360.75,02Jul2015,1,2
2015,7,-391.9,07Jul2015,1,7
2015,7,-430,09Jul2015,1,9
2015,7,-484.22,22Jul2015,1,22
2015,7,-485,16Jul2015,1,16
2015,7,-626.5,13Jul2015,1,13
2015,7,-644.68,21Jul2015,1,21
2015,7,-759.96,14Jul2015,1,14
2015,7,-880,23Jul2015,1,23
2015,7,-891,30Jul2015,1,30
2015,7,-1101,29Jul2015,1,29
2015,7,-1500,10Jul2015,1,10
2015,7,-1500,13Jul2015,1,13
2015,7,-1500,24Jul2015,1,24
2015,7,-1500,28Jul2015,1,28
2015,7,-1563,27Jul2015,1,27
2015,7,-1563.06,22Jul2015,1,22
2015,7,-2250,28Jul2015,1,28
2015,7,-4645.16,02Jul2015,1,2
2015,7,-5000,01Jul2015,1,1
2015,7,-12347.44,27Jul2015,1,27
2015,7,-13557,10Jul2015,1,10
2015,7,-14000,27Jul2015,1,27
2015,8,45884.86,25Aug2015,FALSE,25
2015,8,17720,11Aug2015,1,11
2015,8,4500,04Aug2015,1,4
2015,8,4000,17Aug2015,1,17
2015,8,1600,04Aug2015,1,4
2015,8,1100,01Aug2015,1,1
2015,8,10.77,27Aug2015,1,27
2015,8,-3.5,27Aug2015,1,27
2015,8,-6.99,22Aug2015,1,22
2015,8,-7.98,04Aug2015,1,4
2015,8,-23,22Aug2015,1,22
2015,8,-25.7,27Aug2015,1,27
2015,8,-49.45,22Aug2015,1,22
2015,8,-50,21Aug2015,1,21
2015,8,-58,06Aug2015,1,6
2015,8,-66,27Aug2015,1,27
2015,8,-75,11Aug2015,1,11
2015,8,-78,11Aug2015,1,11
2015,8,-89,20Aug2015,1,20
2015,8,-96.39,17Aug2015,1,17
2015,8,-100,24Aug2015,1,24
2015,8,-114.8,20Aug2015,1,20
2015,8,-116.22,20Aug2015,1,20
2015,8,-125.43,05Aug2015,1,5
2015,8,-126.85,25Aug2015,1,25
2015,8,-146.4,11Aug2015,1,11
2015,8,-147.7,24Aug2015,1,24
2015,8,-165,18Aug2015,1,18
2015,8,-171.96,19Aug2015,1,19
2015,8,-173,21Aug2015,1,21
2015,8,-200,11Aug2015,1,11
2015,8,-250,22Aug2015,1,22
2015,8,-310,12Aug2015,1,12
2015,8,-326,17Aug2015,1,17
2015,8,-337,07Aug2015,1,7
2015,8,-358,27Aug2015,1,27
2015,8,-383.23,21Aug2015,1,21
2015,8,-394.05,17Aug2015,1,17
2015,8,-399,17Aug2015,1,17
2015,8,-400,31Aug2015,1,31
2015,8,-410,03Aug2015,1,3
2015,8,-426.45,22Aug2015,1,22
2015,8,-430,07Aug2015,1,7
2015,8,-456.56,11Aug2015,1,11
2015,8,-460,31Aug2015,1,31
2015,8,-469.54,13Aug2015,1,13
2015,8,-616.81,03Aug2015,1,3
2015,8,-635.39,24Aug2015,1,24
2015,8,-684.25,27Aug2015,1,27
2015,8,-707.37,11Aug2015,1,11
2015,8,-745,28Aug2015,1,28
2015,8,-771.35,04Aug2015,1,4
2015,8,-786.41,18Aug2015,1,18
2015,8,-1253,27Aug2015,1,27
2015,8,-1500,01Aug2015,1,1
2015,8,-1500,06Aug2015,1,6
2015,8,-1500,21Aug2015,1,21
2015,8,-1563,25Aug2015,1,25
2015,8,-1799,27Aug2015,1,27
2015,8,-2000,28Aug2015,1,28
2015,8,-3743,17Aug2015,1,17
2015,8,-4000,26Aug2015,1,26
2015,8,-5000,03Aug2015,1,3
2015,8,-14000,26Aug2015,1,26
2015,9,45884.86,25Sep2015,FALSE,25
2015,9,17720,02Sep2015,1,2
2015,9,2900,03Sep2015,1,3
2015,9,337,12Sep2015,1,12
2015,9,10.72,26Sep2015,1,26
2015,9,-0.17,26Sep2015,1,26
2015,9,-3.5,26Sep2015,1,26
2015,9,-19.3,26Sep2015,1,26
2015,9,-34.95,23Sep2015,1,23
2015,9,-38.94,23Sep2015,1,23
2015,9,-56,09Sep2015,1,9
2015,9,-58.9,11Sep2015,1,11
2015,9,-66,26Sep2015,1,26
2015,9,-73.21,28Sep2015,1,28
2015,9,-90,25Sep2015,1,25
2015,9,-109,16Sep2015,1,16
2015,9,-130,05Sep2015,1,5
2015,9,-130,29Sep2015,1,29
2015,9,-147.93,29Sep2015,1,29
2015,9,-155.37,09Sep2015,1,9
2015,9,-200,15Sep2015,1,15
2015,9,-206.03,28Sep2015,1,28
2015,9,-208.98,08Sep2015,1,8
2015,9,-216.45,07Sep2015,1,7
2015,9,-250,12Sep2015,1,12
2015,9,-259.95,14Sep2015,1,14
2015,9,-310,09Sep2015,1,9
2015,9,-330,08Sep2015,1,8
2015,9,-348,21Sep2015,1,21
2015,9,-349,01Sep2015,1,1
2015,9,-390,07Sep2015,1,7
2015,9,-420.15,22Sep2015,1,22
2015,9,-426.45,22Sep2015,1,22
2015,9,-450,17Sep2015,1,17
2015,9,-480,01Sep2015,1,1
2015,9,-480,21Sep2015,1,21
2015,9,-495.36,03Sep2015,1,3
2015,9,-524.51,03Sep2015,1,3
2015,9,-573.67,21Sep2015,1,21
2015,9,-583.62,09Sep2015,1,9
2015,9,-600,10Sep2015,1,10
2015,9,-684.25,26Sep2015,1,26
2015,9,-720.17,15Sep2015,1,15
2015,9,-851.77,08Sep2015,1,8
2015,9,-1000,02Sep2015,1,2
2015,9,-1000,22Sep2015,1,22
2015,9,-1015,18Sep2015,1,18
2015,9,-1355,07Sep2015,1,7
2015,9,-1355,07Sep2015,1,7
2015,9,-1500,11Sep2015,1,11
2015,9,-2250,28Sep2015,1,28
2015,9,-4867,25Sep2015,1,25
2015,9,-5000,01Sep2015,1,1
2015,9,-14001.54,28Sep2015,1,28
2015,10,45884.87,23Oct2015,FALSE,23
2015,10,17720,05Oct2015,1,5
2015,10,3400,02Oct2015,1,2
2015,10,66,08Oct2015,1,8
2015,10,10.78,28Oct2015,1,28
2015,10,7.09,06Oct2015,1,6
2015,10,-10,05Oct2015,1,5
2015,10,-59.5,01Oct2015,1,1
2015,10,-63,23Oct2015,1,23
2015,10,-66,06Oct2015,1,6
2015,10,-66,28Oct2015,1,28
2015,10,-67,23Oct2015,1,23
2015,10,-87.97,10Oct2015,1,10
2015,10,-91,05Oct2015,1,5
2015,10,-124,19Oct2015,1,19
2015,10,-140,20Oct2015,1,20
2015,10,-145,02Oct2015,1,2
2015,10,-149,07Oct2015,1,7
2015,10,-153.2,21Oct2015,1,21
2015,10,-176.4,12Oct2015,1,12
2015,10,-179,31Oct2015,1,31
2015,10,-194.98,09Oct2015,1,9
2015,10,-210,01Oct2015,1,1
2015,10,-226,17Oct2015,1,17
2015,10,-250,26Oct2015,1,26
2015,10,-260,10Oct2015,1,10
2015,10,-298.48,28Oct2015,1,28
2015,10,-329.7,05Oct2015,1,5
2015,10,-349,30Oct2015,1,30
2015,10,-372.63,01Oct2015,1,1
2015,10,-380,05Oct2015,1,5
2015,10,-415.07,07Oct2015,1,7
2015,10,-426.45,22Oct2015,1,22
2015,10,-435,01Oct2015,1,1
2015,10,-450,24Oct2015,1,24
2015,10,-479.64,15Oct2015,1,15
2015,10,-481.42,24Oct2015,1,24
2015,10,-494.5,31Oct2015,1,31
2015,10,-499,20Oct2015,1,20
2015,10,-500,20Oct2015,1,20
2015,10,-508,07Oct2015,1,7
2015,10,-656,12Oct2015,1,12
2015,10,-681,01Oct2015,1,1
2015,10,-684.25,27Oct2015,1,27
2015,10,-695,15Oct2015,1,15
2015,10,-850,27Oct2015,1,27
2015,10,-1358.48,19Oct2015,1,19
2015,10,-1375.15,27Oct2015,1,27
2015,10,-1500,05Oct2015,1,5
2015,10,-1500,10Oct2015,1,10
2015,10,-1500,26Oct2015,1,26
2015,10,-1776,07Oct2015,1,7
2015,10,-1776,20Oct2015,1,20
2015,10,-1803.25,05Oct2015,1,5
2015,10,-2199.62,28Oct2015,1,28
2015,10,-2250,26Oct2015,1,26
2015,10,-3215,26Oct2015,1,26
2015,10,-5000,01Oct2015,1,1
2015,10,-14000,26Oct2015,1,26
2015,11,45884.86,25Nov2015,FALSE,25
2015,11,17720,05Nov2015,1,5
2015,11,2940,02Nov2015,1,2
2015,11,282,20Nov2015,1,20
2015,11,19.18,26Nov2015,1,26
2015,11,-66,26Nov2015,1,26
2015,11,-130.5,23Nov2015,1,23
2015,11,-149,26Nov2015,1,26
2015,11,-426.45,21Nov2015,1,21
2015,11,-439,28Nov2015,1,28
2015,11,-681,02Nov2015,1,2
2015,11,-684.25,27Nov2015,1,27
2015,11,-700,17Nov2015,1,17
2015,11,-700,25Nov2015,1,25
2015,11,-1000,24Nov2015,1,24
2015,11,-1500,13Nov2015,1,13
2015,11,-1776,17Nov2015,1,17
2015,11,-3215,25Nov2015,1,25
2015,11,-4000,25Nov2015,1,25
2015,11,-5000,02Nov2015,1,2
2015,11,-10390,24Nov2015,1,24
2015,11,-12458.74,25Nov2015,1,25
2015,11,-14000,25Nov2015,1,25
2015,12,45884.86,15Dec2015,FALSE,15
2015,12,17720,02Dec2015,1,2
2015,12,15000,30Dec2015,1,30
2015,12,5000,14Dec2015,1,14
2015,12,5000,24Dec2015,1,24
2015,12,3470,29Dec2015,1,29
2015,12,3000,01Dec2015,1,1
2015,12,329,31Dec2015,1,31
2015,12,22.13,28Dec2015,1,28
2015,12,-17.11,15Dec2015,1,15
2015,12,-30.98,02Dec2015,1,2
2015,12,-39.98,01Dec2015,1,1
2015,12,-39.98,24Dec2015,1,24
2015,12,-66,28Dec2015,1,28
2015,12,-70,15Dec2015,1,15
2015,12,-79.66,24Dec2015,1,24
2015,12,-90,29Dec2015,1,29
2015,12,-115.6,15Dec2015,1,15
2015,12,-279.94,11Dec2015,1,11
2015,12,-349,01Dec2015,1,1
2015,12,-349,31Dec2015,1,31
2015,12,-354.8,22Dec2015,1,22
2015,12,-395,24Dec2015,1,24
2015,12,-426.45,22Dec2015,1,22
2015,12,-494.5,01Dec2015,1,1
2015,12,-550,15Dec2015,1,15
2015,12,-576.5,31Dec2015,1,31
2015,12,-681,01Dec2015,1,1
2015,12,-684.25,24Dec2015,1,24
2015,12,-700,07Dec2015,1,7
2015,12,-700,08Dec2015,1,8
2015,12,-700,12Dec2015,1,12
2015,12,-750,28Dec2015,1,28
2015,12,-1000,15Dec2015,1,15
2015,12,-1425,14Dec2015,1,14
2015,12,-1440,14Dec2015,1,14
2015,12,-1491,14Dec2015,1,14
2015,12,-1500,01Dec2015,1,1
2015,12,-1776,30Dec2015,1,30
2015,12,-2000,24Dec2015,1,24
2015,12,-3470,28Dec2015,1,28
2015,12,-5000,01Dec2015,1,1
2015,12,-6427.45,28Dec2015,1,28
2015,12,-9000,24Dec2015,1,24
2015,12,-14000,15Dec2015,1,15
2016,1,45884.87,25Jan2016,FALSE,25
2016,1,17720,05Jan2016,1,5
2016,1,13381.78,25Jan2016,1,25
2016,1,12940,08Jan2016,1,8
2016,1,10000,04Jan2016,1,4
2016,1,3645,08Jan2016,1,8
2016,1,2859,09Jan2016,1,9
2016,1,2100,05Jan2016,1,5
2016,1,22.99,27Jan2016,1,27
2016,1,-1.09,27Jan2016,1,27
2016,1,-34.82,13Jan2016,1,13
2016,1,-38.46,12Jan2016,1,12
2016,1,-39.98,28Jan2016,1,28
2016,1,-43,11Jan2016,1,11
2016,1,-49.98,14Jan2016,1,14
2016,1,-49.98,15Jan2016,1,15
2016,1,-49.98,16Jan2016,1,16
2016,1,-66,27Jan2016,1,27
2016,1,-99,23Jan2016,1,23
2016,1,-140,14Jan2016,1,14
2016,1,-190,22Jan2016,1,22
2016,1,-217.1,19Jan2016,1,19
2016,1,-286,19Jan2016,1,19
2016,1,-330,15Jan2016,1,15
2016,1,-352.11,22Jan2016,1,22
2016,1,-356,16Jan2016,1,16
2016,1,-388.29,11Jan2016,1,11
2016,1,-426.45,22Jan2016,1,22
2016,1,-440.63,19Jan2016,1,19
2016,1,-648,25Jan2016,1,25
2016,1,-681,02Jan2016,1,2
2016,1,-684.25,27Jan2016,1,27
2016,1,-700,06Jan2016,1,6
2016,1,-700,26Jan2016,1,26
2016,1,-714,14Jan2016,1,14
2016,1,-876.08,25Jan2016,1,25
2016,1,-990,25Jan2016,1,25
2016,1,-995,05Jan2016,1,5
2016,1,-1400,20Jan2016,1,20
2016,1,-1500,16Jan2016,1,16
2016,1,-3470,07Jan2016,1,7
2016,1,-3470,25Jan2016,1,25
2016,1,-5000,04Jan2016,1,4
2016,1,-9000,25Jan2016,1,25
2016,1,-12317.41,25Jan2016,1,25
2016,1,-13381.78,25Jan2016,1,25
2016,1,-14000,25Jan2016,1,25
2016,1,-15799,09Jan2016,1,9
2016,2,45884.86,25Feb2016,FALSE,25
2016,2,32000,22Feb2016,1,22
2016,2,17720,03Feb2016,1,3
2016,2,10306.18,23Feb2016,1,23
2016,2,10000,16Feb2016,1,16
2016,2,4800,08Feb2016,1,8
2016,2,857.6,20Feb2016,1,20
2016,2,130.81,15Feb2016,1,15
2016,2,32.54,25Feb2016,1,25
2016,2,-5,20Feb2016,1,20
2016,2,-32,20Feb2016,1,20
2016,2,-39.98,19Feb2016,1,19
2016,2,-39.98,20Feb2016,1,20
2016,2,-40,20Feb2016,1,20
2016,2,-42.44,20Feb2016,1,20
2016,2,-66,25Feb2016,1,25
2016,2,-81,16Feb2016,1,16
2016,2,-99,22Feb2016,1,22
2016,2,-200.79,22Feb2016,1,22
2016,2,-313.31,15Feb2016,1,15
2016,2,-349,01Feb2016,1,1
2016,2,-426.45,22Feb2016,1,22
2016,2,-450,15Feb2016,1,15
2016,2,-508.2,20Feb2016,1,20
2016,2,-576.5,01Feb2016,1,1
2016,2,-680,26Feb2016,1,26
2016,2,-681,01Feb2016,1,1
2016,2,-684.25,27Feb2016,1,27
2016,2,-700,09Feb2016,1,9
2016,2,-700,25Feb2016,1,25
2016,2,-1100,16Feb2016,1,16
2016,2,-1500,20Feb2016,1,20
2016,2,-2000,01Feb2016,1,1
2016,2,-2000,25Feb2016,1,25
2016,2,-3470,25Feb2016,1,25
2016,2,-5000,01Feb2016,1,1
2016,2,-6000,25Feb2016,1,25
2016,2,-14000,25Feb2016,1,25
2016,2,-15258.92,25Feb2016,1,25
2016,3,48341.35,24Mar2016,FALSE,24
2016,3,8000,04Mar2016,1,4
2016,3,2031,03Mar2016,1,3
2016,3,1484.1,30Mar2016,1,30
2016,3,346,15Mar2016,1,15
2016,3,346,16Mar2016,1,16
2016,3,340,01Mar2016,1,1
2016,3,38,08Mar2016,1,8
2016,3,38,14Mar2016,1,14
2016,3,13.5,26Mar2016,1,26
2016,3,-2.5,26Mar2016,1,26
2016,3,-35,22Mar2016,1,22
2016,3,-35,22Mar2016,1,22
2016,3,-35.8,23Mar2016,1,23
2016,3,-39.98,02Mar2016,1,2
2016,3,-49.98,01Mar2016,1,1
2016,3,-54.98,03Mar2016,1,3
2016,3,-66,26Mar2016,1,26
2016,3,-120,19Mar2016,1,19
2016,3,-200,16Mar2016,1,16
2016,3,-300,16Mar2016,1,16
2016,3,-349,02Mar2016,1,2
2016,3,-349,31Mar2016,1,31
2016,3,-426.45,22Mar2016,1,22
2016,3,-576.5,01Mar2016,1,1
2016,3,-681,01Mar2016,1,1
2016,3,-684.25,26Mar2016,1,26
2016,3,-700,15Mar2016,1,15
2016,3,-1000,19Mar2016,1,19
2016,3,-1500,02Mar2016,1,2
2016,3,-1500,22Mar2016,1,22
2016,3,-1649,26Mar2016,1,26
2016,3,-2500,29Mar2016,1,29
2016,3,-3000,29Mar2016,1,29
2016,3,-3470,29Mar2016,1,29
2016,3,-5000,01Mar2016,1,1
2016,3,-5379,29Mar2016,1,29
2016,3,-9250.67,29Mar2016,1,29
2016,3,-9945.66,29Mar2016,1,29
2016,3,-14000,29Mar2016,1,29
2016,4,48341.34,25Apr2016,FALSE,25
2016,4,4000,09Apr2016,1,9
2016,4,1214.1,16Apr2016,1,16
2016,4,339.86,01Apr2016,1,1
2016,4,108.4,11Apr2016,1,11
2016,4,38,04Apr2016,1,4
2016,4,8.22,26Apr2016,1,26
2016,4,-35,11Apr2016,1,11
2016,4,-50,18Apr2016,1,18
2016,4,-66,26Apr2016,1,26
2016,4,-79.94,28Apr2016,1,28
2016,4,-176.79,07Apr2016,1,7
2016,4,-200,21Apr2016,1,21
2016,4,-328,01Apr2016,1,1
2016,4,-360.9,04Apr2016,1,4
2016,4,-426.45,22Apr2016,1,22
2016,4,-576.5,01Apr2016,1,1
2016,4,-576.5,30Apr2016,1,30
2016,4,-681,01Apr2016,1,1
2016,4,-684.25,26Apr2016,1,26
2016,4,-700,11Apr2016,1,11
2016,4,-700,19Apr2016,1,19
2016,4,-1500,08Apr2016,1,8
2016,4,-1553.96,25Apr2016,1,25
2016,4,-1776,25Apr2016,1,25
2016,4,-2000,25Apr2016,1,25
2016,4,-2140,02Apr2016,1,2
2016,4,-3000,25Apr2016,1,25
2016,4,-3470,25Apr2016,1,25
2016,4,-5300,01Apr2016,1,1
2016,4,-12000,25Apr2016,1,25
2016,4,-14000,25Apr2016,1,25
2016,5,54241.35,25May2016,FALSE,25
2016,5,43198.67,23May2016,1,23
2016,5,18400,13May2016,1,13
2016,5,100,05May2016,1,5
2016,5,38,10May2016,1,10
2016,5,38,20May2016,1,20
2016,5,11.02,27May2016,1,27
2016,5,-20.4,25May2016,1,25
2016,5,-26.97,31May2016,1,31
2016,5,-32,24May2016,1,24
2016,5,-37.98,06May2016,1,6
2016,5,-37.98,07May2016,1,7
2016,5,-37.98,10May2016,1,10
2016,5,-43.2,06May2016,1,6
2016,5,-66,27May2016,1,27
2016,5,-130,12May2016,1,12
2016,5,-191.39,21May2016,1,21
2016,5,-328.98,19May2016,1,19
2016,5,-342,07May2016,1,7
2016,5,-349,03May2016,1,3
2016,5,-352.32,30May2016,1,30
2016,5,-516.88,21May2016,1,21
2016,5,-600,24May2016,1,24
2016,5,-625,28May2016,1,28
2016,5,-681,03May2016,1,3
2016,5,-684.25,27May2016,1,27
2016,5,-700,26May2016,1,26
2016,5,-1500,10May2016,1,10
2016,5,-1565.7,03May2016,1,3
2016,5,-1776,26May2016,1,26
2016,5,-2250,26May2016,1,26
2016,5,-3470,25May2016,1,25
2016,5,-5000,26May2016,1,26
2016,5,-5300,03May2016,1,3
2016,5,-7804.17,26May2016,1,26
2016,5,-10000,26May2016,1,26
2016,5,-14000,26May2016,1,26
2016,5,-18000,23May2016,1,23
2016,6,48341.35,24Jun2016,FALSE,24
2016,6,17380.6,27Jun2016,1,27
2016,6,13589.6,02Jun2016,1,2
2016,6,5000,06Jun2016,1,6
2016,6,2950,30Jun2016,1,30
2016,6,1550,27Jun2016,1,27
2016,6,38,22Jun2016,1,22
2016,6,5.22,27Jun2016,1,27
2016,6,-26.97,01Jun2016,1,1
2016,6,-26.97,02Jun2016,1,2
2016,6,-26.97,07Jun2016,1,7
2016,6,-32.57,04Jun2016,1,4
2016,6,-37,07Jun2016,1,7
2016,6,-54,07Jun2016,1,7
2016,6,-54,07Jun2016,1,7
2016,6,-66,27Jun2016,1,27
2016,6,-80,08Jun2016,1,8
2016,6,-250,14Jun2016,1,14
2016,6,-369.39,07Jun2016,1,7
2016,6,-371.6,18Jun2016,1,18
2016,6,-400,02Jun2016,1,2
2016,6,-516.88,22Jun2016,1,22
2016,6,-576.5,01Jun2016,1,1
2016,6,-681,01Jun2016,1,1
2016,6,-700,21Jun2016,1,21
2016,6,-700,21Jun2016,1,21
2016,6,-702.05,07Jun2016,1,7
2016,6,-833.84,27Jun2016,1,27
2016,6,-1000,13Jun2016,1,13
2016,6,-1500,07Jun2016,1,7
2016,6,-2250,24Jun2016,1,24
2016,6,-3470,27Jun2016,1,27
2016,6,-5300,01Jun2016,1,1
2016,6,-7304.44,24Jun2016,1,24
2016,6,-10000,24Jun2016,1,24
2016,6,-12500,06Jun2016,1,6
2016,6,-15400,24Jun2016,1,24
2016,6,-19910.61,30Jun2016,1,30
2016,7,45360.23,25Jul2016,FALSE,25
2016,7,18500,11Jul2016,1,11
2016,7,15635.86,29Jul2016,1,29
2016,7,3000,05Jul2016,1,5
2016,7,3000,18Jul2016,1,18
2016,7,62.55,13Jul2016,1,13
2016,7,38,11Jul2016,1,11
2016,7,5.03,27Jul2016,1,27
2016,7,-26.97,06Jul2016,1,6
2016,7,-26.97,07Jul2016,1,7
2016,7,-66,27Jul2016,1,27
2016,7,-200,13Jul2016,1,13
2016,7,-250,25Jul2016,1,25
2016,7,-349,01Jul2016,1,1
2016,7,-352.83,29Jul2016,1,29
2016,7,-400,07Jul2016,1,7
2016,7,-516.88,22Jul2016,1,22
2016,7,-576.5,01Jul2016,1,1
2016,7,-681,01Jul2016,1,1
2016,7,-700,18Jul2016,1,18
2016,7,-833.84,27Jul2016,1,27
2016,7,-1409,04Jul2016,1,4
2016,7,-1409,05Jul2016,1,5
2016,7,-1500,07Jul2016,1,7
2016,7,-1728.58,13Jul2016,1,13
2016,7,-2400,25Jul2016,1,25
2016,7,-3470,25Jul2016,1,25
2016,7,-5300,01Jul2016,1,1
2016,7,-15400,25Jul2016,1,25
2016,7,-16300.4,25Jul2016,1,25
2016,7,-18456.9,11Jul2016,1,11
2016,7,-20000,29Jul2016,1,29
2016,8,34999,30Aug2016,FALSE,30
2016,8,25000,23Aug2016,1,23
2016,8,14198.47,01Aug2016,1,1
2016,8,7264.25,29Aug2016,1,29
2016,8,44.43,29Aug2016,1,29
2016,8,38,18Aug2016,1,18
2016,8,7.06,27Aug2016,1,27
2016,8,-10.5,06Aug2016,1,6
2016,8,-17,26Aug2016,1,26
2016,8,-38.9,06Aug2016,1,6
2016,8,-39.99,26Aug2016,1,26
2016,8,-40,17Aug2016,1,17
2016,8,-66,27Aug2016,1,27
2016,8,-81.8,05Aug2016,1,5
2016,8,-83,29Aug2016,1,29
2016,8,-100,19Aug2016,1,19
2016,8,-110,29Aug2016,1,29
2016,8,-140,25Aug2016,1,25
2016,8,-141.08,08Aug2016,1,8
2016,8,-200,01Aug2016,1,1
2016,8,-200,31Aug2016,1,31
2016,8,-216.92,29Aug2016,1,29
2016,8,-227.5,31Aug2016,1,31
2016,8,-227.68,10Aug2016,1,10
2016,8,-349,02Aug2016,1,2
2016,8,-472.7,10Aug2016,1,10
2016,8,-500,05Aug2016,1,5
2016,8,-516.88,22Aug2016,1,22
2016,8,-576.5,01Aug2016,1,1
2016,8,-590,30Aug2016,1,30
2016,8,-600,29Aug2016,1,29
2016,8,-681,01Aug2016,1,1
2016,8,-833.84,27Aug2016,1,27
2016,8,-1000,31Aug2016,1,31
2016,8,-1051.3,08Aug2016,1,8
2016,8,-1500,04Aug2016,1,4
2016,8,-2000,31Aug2016,1,31
2016,8,-2480,16Aug2016,1,16
2016,8,-2700,29Aug2016,1,29
2016,8,-3470,25Aug2016,1,25
2016,8,-3868.75,12Aug2016,1,12
2016,8,-5300,01Aug2016,1,1
2016,8,-10000,31Aug2016,1,31
2016,8,-15400,30Aug2016,1,30
2016,8,-16787.66,27Aug2016,1,27
2016,9,43854.36,28Sep2016,FALSE,28
2016,9,17397.95,09Sep2016,1,9
2016,9,15117,26Sep2016,1,26
2016,9,14300,30Sep2016,1,30
2016,9,10035.43,22Sep2016,1,22
2016,9,10000,22Sep2016,1,22
2016,9,3104,09Sep2016,1,9
2016,9,2235,09Sep2016,1,9
2016,9,1504,09Sep2016,1,9
2016,9,14.08,27Sep2016,1,27
2016,9,-10.5,08Sep2016,1,8
2016,9,-31,29Sep2016,1,29
2016,9,-35,09Sep2016,1,9
2016,9,-38,29Sep2016,1,29
2016,9,-39,30Sep2016,1,30
2016,9,-39.9,21Sep2016,1,21
2016,9,-64.95,03Sep2016,1,3
2016,9,-66,27Sep2016,1,27
2016,9,-66.89,17Sep2016,1,17
2016,9,-66.89,20Sep2016,1,20
2016,9,-70,26Sep2016,1,26
2016,9,-74.28,21Sep2016,1,21
2016,9,-100,06Sep2016,1,6
2016,9,-100,06Sep2016,1,6
2016,9,-100,06Sep2016,1,6
2016,9,-100,26Sep2016,1,26
2016,9,-114.95,23Sep2016,1,23
2016,9,-134,17Sep2016,1,17
2016,9,-134.8,30Sep2016,1,30
2016,9,-151.84,27Sep2016,1,27
2016,9,-153.33,06Sep2016,1,6
2016,9,-180,05Sep2016,1,5
2016,9,-182.74,22Sep2016,1,22
2016,9,-183.7,14Sep2016,1,14
2016,9,-200,20Sep2016,1,20
2016,9,-203.88,15Sep2016,1,15
2016,9,-217.8,23Sep2016,1,23
2016,9,-240,10Sep2016,1,10
2016,9,-246.92,27Sep2016,1,27
2016,9,-250,12Sep2016,1,12
2016,9,-260,10Sep2016,1,10
2016,9,-278.68,26Sep2016,1,26
2016,9,-315,13Sep2016,1,13
2016,9,-316.24,19Sep2016,1,19
2016,9,-516.88,22Sep2016,1,22
2016,9,-524.12,22Sep2016,1,22
2016,9,-576.5,01Sep2016,1,1
2016,9,-600,17Sep2016,1,17
2016,9,-650,28Sep2016,1,28
2016,9,-760,15Sep2016,1,15
2016,9,-800,07Sep2016,1,7
2016,9,-833.84,27Sep2016,1,27
2016,9,-860,01Sep2016,1,1
2016,9,-1000,30Sep2016,1,30
2016,9,-1300,09Sep2016,1,9
2016,9,-1500,06Sep2016,1,6
2016,9,-1500,23Sep2016,1,23
2016,9,-1769.76,21Sep2016,1,21
2016,9,-1900,03Sep2016,1,3
2016,9,-2700,26Sep2016,1,26
2016,9,-3470,26Sep2016,1,26
2016,9,-4294,16Sep2016,1,16
2016,9,-5300,01Sep2016,1,1
2016,9,-10000,29Sep2016,1,29
2016,9,-10094.22,09Sep2016,1,9
2016,9,-14100,26Sep2016,1,26
2016,9,-25747.08,29Sep2016,1,29
2016,9,-28400,22Sep2016,1,22
2016,10,43090.37,25Oct2016,FALSE,25
2016,10,24621.54,20Oct2016,1,20
2016,10,23900,31Oct2016,1,31
2016,10,20000,18Oct2016,1,18
2016,10,20000,26Oct2016,1,26
2016,10,10050.15,18Oct2016,1,18
2016,10,10000,25Oct2016,1,25
2016,10,5624.55,25Oct2016,1,25
2016,10,4700,19Oct2016,1,19
2016,10,17.28,27Oct2016,1,27
2016,10,-10.5,01Oct2016,1,1
2016,10,-21.99,04Oct2016,1,4
2016,10,-25.8,18Oct2016,1,18
2016,10,-35,25Oct2016,1,25
2016,10,-40,04Oct2016,1,4
2016,10,-44,01Oct2016,1,1
2016,10,-60.9,15Oct2016,1,15
2016,10,-66,27Oct2016,1,27
2016,10,-104.1,05Oct2016,1,5
2016,10,-136.43,22Oct2016,1,22
2016,10,-138.8,18Oct2016,1,18
2016,10,-145,21Oct2016,1,21
2016,10,-150,31Oct2016,1,31
2016,10,-200,07Oct2016,1,7
2016,10,-200,08Oct2016,1,8
2016,10,-205.95,01Oct2016,1,1
2016,10,-217,10Oct2016,1,10
2016,10,-284.06,27Oct2016,1,27
2016,10,-305.28,28Oct2016,1,28
2016,10,-306.3,22Oct2016,1,22
2016,10,-314.76,05Oct2016,1,5
2016,10,-351.06,14Oct2016,1,14
2016,10,-351.06,31Oct2016,1,31
2016,10,-516.88,22Oct2016,1,22
2016,10,-630,15Oct2016,1,15
2016,10,-630,31Oct2016,1,31
2016,10,-700,13Oct2016,1,13
2016,10,-766.5,01Oct2016,1,1
2016,10,-833.84,27Oct2016,1,27
2016,10,-860,01Oct2016,1,1
2016,10,-880,11Oct2016,1,11
2016,10,-995.93,04Oct2016,1,4
2016,10,-1000,03Oct2016,1,3
2016,10,-1033.19,03Oct2016,1,3
2016,10,-1500,04Oct2016,1,4
2016,10,-1500,24Oct2016,1,24
2016,10,-1647.72,04Oct2016,1,4
2016,10,-2400,26Oct2016,1,26
2016,10,-2669,19Oct2016,1,19
2016,10,-2924.75,22Oct2016,1,22
2016,10,-3470,25Oct2016,1,25
2016,10,-5300,03Oct2016,1,3
2016,10,-10000,24Oct2016,1,24
2016,10,-10600,25Oct2016,1,25
2016,10,-13000,26Oct2016,1,26
2016,10,-20000,24Oct2016,1,24
2016,10,-23285.09,24Oct2016,1,24
2016,11,52000,04Nov2016,FALSE,4
2016,11,49372.36,18Nov2016,1,18
2016,11,10000,04Nov2016,1,4
2016,11,8000,21Nov2016,1,21
2016,11,8000,25Nov2016,1,25
2016,11,5000,29Nov2016,1,29
2016,11,1591.12,18Nov2016,1,18
2016,11,1500,28Nov2016,1,28
2016,11,12.75,26Nov2016,1,26
2016,11,-2.5,26Nov2016,1,26
2016,11,-9.95,08Nov2016,1,8
2016,11,-10.5,10Nov2016,1,10
2016,11,-18,05Nov2016,1,5
2016,11,-20,05Nov2016,1,5
2016,11,-23.71,23Nov2016,1,23
2016,11,-24.36,25Nov2016,1,25
2016,11,-25,16Nov2016,1,16
2016,11,-31.4,16Nov2016,1,16
2016,11,-35.8,08Nov2016,1,8
2016,11,-35.99,22Nov2016,1,22
2016,11,-36,30Nov2016,1,30
2016,11,-36.41,10Nov2016,1,10
2016,11,-36.94,04Nov2016,1,4
2016,11,-39.77,24Nov2016,1,24
2016,11,-39.95,08Nov2016,1,8
2016,11,-42.94,03Nov2016,1,3
2016,11,-43.98,05Nov2016,1,5
2016,11,-43.98,23Nov2016,1,23
2016,11,-46.49,23Nov2016,1,23
2016,11,-57.98,22Nov2016,1,22
2016,11,-59.97,19Nov2016,1,19
2016,11,-61.89,24Nov2016,1,24
2016,11,-65.8,21Nov2016,1,21
2016,11,-66,26Nov2016,1,26
2016,11,-66.15,28Nov2016,1,28
2016,11,-69.89,16Nov2016,1,16
2016,11,-84.97,19Nov2016,1,19
2016,11,-85.79,26Nov2016,1,26
2016,11,-86.98,22Nov2016,1,22
2016,11,-90.28,17Nov2016,1,17
2016,11,-103.21,26Nov2016,1,26
2016,11,-113.3,29Nov2016,1,29
2016,11,-115,21Nov2016,1,21
2016,11,-119.95,30Nov2016,1,30
2016,11,-124.91,21Nov2016,1,21
2016,11,-130,03Nov2016,1,3
2016,11,-143.99,28Nov2016,1,28
2016,11,-154.57,28Nov2016,1,28
2016,11,-168.67,15Nov2016,1,15
2016,11,-170.39,28Nov2016,1,28
2016,11,-178.44,09Nov2016,1,9
2016,11,-179.96,29Nov2016,1,29
2016,11,-199.67,28Nov2016,1,28
2016,11,-200,25Nov2016,1,25
2016,11,-220,16Nov2016,1,16
2016,11,-260,26Nov2016,1,26
2016,11,-266.38,24Nov2016,1,24
2016,11,-280,15Nov2016,1,15
2016,11,-299,14Nov2016,1,14
2016,11,-420,28Nov2016,1,28
2016,11,-467.55,24Nov2016,1,24
2016,11,-516.88,22Nov2016,1,22
2016,11,-580,28Nov2016,1,28
2016,11,-620,24Nov2016,1,24
2016,11,-766.5,01Nov2016,1,1
2016,11,-800,09Nov2016,1,9
2016,11,-833.84,26Nov2016,1,26
2016,11,-860,01Nov2016,1,1
2016,11,-1000,07Nov2016,1,7
2016,11,-1000,11Nov2016,1,11
2016,11,-1000,18Nov2016,1,18
2016,11,-1000,24Nov2016,1,24
2016,11,-1117,26Nov2016,1,26
2016,11,-1206.91,14Nov2016,1,14
2016,11,-1250,11Nov2016,1,11
2016,11,-1399,30Nov2016,1,30
2016,11,-1610,19Nov2016,1,19
2016,11,-2000,07Nov2016,1,7
2016,11,-2292.05,21Nov2016,1,21
2016,11,-2700,26Nov2016,1,26
2016,11,-3128,26Nov2016,1,26
2016,11,-3470,25Nov2016,1,25
2016,11,-5300,01Nov2016,1,1
2016,11,-13000,21Nov2016,1,21
2016,11,-25804,21Nov2016,1,21
2016,11,-26000,04Nov2016,1,4
2016,12,47950.36,08Dec2016,FALSE,8
2016,12,19597.97,20Dec2016,1,20
2016,12,13041.71,28Dec2016,1,28
2016,12,4962.87,28Dec2016,1,28
2016,12,1000,20Dec2016,1,20
2016,12,700,05Dec2016,1,5
2016,12,434,19Dec2016,1,19
2016,12,8.38,28Dec2016,1,28
2016,12,-14.9,19Dec2016,1,19
2016,12,-15.99,14Dec2016,1,14
2016,12,-25.98,02Dec2016,1,2
2016,12,-35,15Dec2016,1,15
2016,12,-42.5,13Dec2016,1,13
2016,12,-46.53,06Dec2016,1,6
2016,12,-50.72,06Dec2016,1,6
2016,12,-50.79,09Dec2016,1,9
2016,12,-50.99,06Dec2016,1,6
2016,12,-53.5,19Dec2016,1,19
2016,12,-60,14Dec2016,1,14
2016,12,-62,17Dec2016,1,17
2016,12,-62.98,17Dec2016,1,17
2016,12,-66,28Dec2016,1,28
2016,12,-69.9,17Dec2016,1,17
2016,12,-71.9,10Dec2016,1,10
2016,12,-72,10Dec2016,1,10
2016,12,-76.99,14Dec2016,1,14
2016,12,-80,19Dec2016,1,19
2016,12,-80.58,07Dec2016,1,7
2016,12,-82,06Dec2016,1,6
2016,12,-92.94,01Dec2016,1,1
2016,12,-98.99,12Dec2016,1,12
2016,12,-101.47,15Dec2016,1,15
2016,12,-116.7,03Dec2016,1,3
2016,12,-117.8,12Dec2016,1,12
2016,12,-130.3,19Dec2016,1,19
2016,12,-136.8,12Dec2016,1,12
2016,12,-144.9,17Dec2016,1,17
2016,12,-163,15Dec2016,1,15
2016,12,-186.2,19Dec2016,1,19
2016,12,-200,10Dec2016,1,10
2016,12,-200,17Dec2016,1,17
2016,12,-210,12Dec2016,1,12
2016,12,-220,07Dec2016,1,7
2016,12,-224.15,06Dec2016,1,6
2016,12,-240,14Dec2016,1,14
2016,12,-350,07Dec2016,1,7
2016,12,-388.6,03Dec2016,1,3
2016,12,-408.48,03Dec2016,1,3
2016,12,-429.98,24Dec2016,1,24
2016,12,-516,13Dec2016,1,13
2016,12,-516.88,22Dec2016,1,22
2016,12,-524.09,01Dec2016,1,1
2016,12,-550,28Dec2016,1,28
2016,12,-595,17Dec2016,1,17
2016,12,-640,17Dec2016,1,17
2016,12,-679.95,23Dec2016,1,23
2016,12,-833.84,24Dec2016,1,24
2016,12,-847,01Dec2016,1,1
2016,12,-860,01Dec2016,1,1
2016,12,-880,29Dec2016,1,29
2016,12,-957,31Dec2016,1,31
2016,12,-1000,03Dec2016,1,3
2016,12,-1000,17Dec2016,1,17
2016,12,-1225.03,28Dec2016,1,28
2016,12,-1323,23Dec2016,1,23
2016,12,-2211,09Dec2016,1,9
2016,12,-2500,15Dec2016,1,15
2016,12,-2700,28Dec2016,1,28
2016,12,-3815,28Dec2016,1,28
2016,12,-5300,01Dec2016,1,1
2016,12,-13000,09Dec2016,1,9
2016,12,-13000,28Dec2016,1,28
2016,12,-24660.13,09Dec2016,1,9
2017,1,52704.37,05Jan2017,FALSE,5
2017,1,10000,26Jan2017,1,26
2017,1,5300,04Jan2017,1,4
2017,1,2914.33,05Jan2017,1,5
2017,1,1000,23Jan2017,1,23
2017,1,999,11Jan2017,1,11
2017,1,9.94,27Jan2017,1,27
2017,1,-0.09,27Jan2017,1,27
2017,1,-17.46,16Jan2017,1,16
2017,1,-24,17Jan2017,1,17
2017,1,-26,18Jan2017,1,18
2017,1,-32,07Jan2017,1,7
2017,1,-35.98,13Jan2017,1,13
2017,1,-44.85,16Jan2017,1,16
2017,1,-53,07Jan2017,1,7
2017,1,-53,07Jan2017,1,7
2017,1,-60,04Jan2017,1,4
2017,1,-66,27Jan2017,1,27
2017,1,-77,06Jan2017,1,6
2017,1,-78,07Jan2017,1,7
2017,1,-78,07Jan2017,1,7
2017,1,-80,09Jan2017,1,9
2017,1,-84.3,23Jan2017,1,23
2017,1,-96,18Jan2017,1,18
2017,1,-97,09Jan2017,1,9
2017,1,-118.49,13Jan2017,1,13
2017,1,-140,10Jan2017,1,10
2017,1,-150,23Jan2017,1,23
2017,1,-163.46,23Jan2017,1,23
2017,1,-190.7,03Jan2017,1,3
2017,1,-200,23Jan2017,1,23
2017,1,-200,23Jan2017,1,23
2017,1,-257.97,09Jan2017,1,9
2017,1,-269.97,17Jan2017,1,17
2017,1,-270.3,09Jan2017,1,9
2017,1,-289.97,23Jan2017,1,23
2017,1,-292.7,18Jan2017,1,18
2017,1,-385.75,24Jan2017,1,24
2017,1,-400,13Jan2017,1,13
2017,1,-429.65,05Jan2017,1,5
2017,1,-516.88,21Jan2017,1,21
2017,1,-527,17Jan2017,1,17
2017,1,-544.9,04Jan2017,1,4
2017,1,-689.96,17Jan2017,1,17
2017,1,-833.84,27Jan2017,1,27
2017,1,-860,03Jan2017,1,3
2017,1,-945.9,23Jan2017,1,23
2017,1,-999,03Jan2017,1,3
2017,1,-999,09Jan2017,1,9
2017,1,-1000,09Jan2017,1,9
2017,1,-1000,16Jan2017,1,16
2017,1,-1050,25Jan2017,1,25
2017,1,-1500,23Jan2017,1,23
2017,1,-1840,23Jan2017,1,23
2017,1,-2050.67,27Jan2017,1,27
2017,1,-3815,25Jan2017,1,25
2017,1,-5300,03Jan2017,1,3
2017,1,-13000,25Jan2017,1,25
2017,1,-23000,06Jan2017,1,6
2017,2,52704.36,23Feb2017,FALSE,23
2017,2,15916.94,07Feb2017,1,7
2017,2,2200,24Feb2017,1,24
2017,2,346,07Feb2017,1,7
2017,2,10.09,24Feb2017,1,24
2017,2,-6,08Feb2017,1,8
2017,2,-40,07Feb2017,1,7
2017,2,-40,16Feb2017,1,16
2017,2,-50.2,23Feb2017,1,23
2017,2,-54,18Feb2017,1,18
2017,2,-54.98,17Feb2017,1,17
2017,2,-55.6,11Feb2017,1,11
2017,2,-62,16Feb2017,1,16
2017,2,-65.8,14Feb2017,1,14
2017,2,-65.8,18Feb2017,1,18
2017,2,-65.8,21Feb2017,1,21
2017,2,-66,24Feb2017,1,24
2017,2,-69.47,28Feb2017,1,28
2017,2,-82.95,20Feb2017,1,20
2017,2,-83.97,10Feb2017,1,10
2017,2,-97.07,15Feb2017,1,15
2017,2,-98,23Feb2017,1,23
2017,2,-101.88,10Feb2017,1,10
2017,2,-102.4,20Feb2017,1,20
2017,2,-104,14Feb2017,1,14
2017,2,-105.38,14Feb2017,1,14
2017,2,-107.78,20Feb2017,1,20
2017,2,-120,18Feb2017,1,18
2017,2,-127,11Feb2017,1,11
2017,2,-127.9,22Feb2017,1,22
2017,2,-135,09Feb2017,1,9
2017,2,-149.9,20Feb2017,1,20
2017,2,-164.91,27Feb2017,1,27
2017,2,-181,10Feb2017,1,10
2017,2,-200,08Feb2017,1,8
2017,2,-208.3,11Feb2017,1,11
2017,2,-240.25,17Feb2017,1,17
2017,2,-249.99,17Feb2017,1,17
2017,2,-250,15Feb2017,1,15
2017,2,-273.7,23Feb2017,1,23
2017,2,-374.97,18Feb2017,1,18
2017,2,-400.35,27Feb2017,1,27
2017,2,-403.49,27Feb2017,1,27
2017,2,-516.88,22Feb2017,1,22
2017,2,-833.84,27Feb2017,1,27
2017,2,-850,14Feb2017,1,14
2017,2,-860,01Feb2017,1,1
2017,2,-864.5,01Feb2017,1,1
2017,2,-969,18Feb2017,1,18
2017,2,-999,02Feb2017,1,2
2017,2,-1000,07Feb2017,1,7
2017,2,-1000,07Feb2017,1,7
2017,2,-1010,11Feb2017,1,11
2017,2,-1204,28Feb2017,1,28
2017,2,-1500,16Feb2017,1,16
2017,2,-1544.95,17Feb2017,1,17
2017,2,-2000,16Feb2017,1,16
2017,2,-3815,27Feb2017,1,27
2017,2,-3844.3,08Feb2017,1,8
2017,2,-5300,01Feb2017,1,1
2017,2,-13000,27Feb2017,1,27
2017,2,-21344.38,27Feb2017,1,27
2017,3,15916.43,08Mar2017,FALSE,8
2017,3,15400,20Mar2017,1,20
2017,3,10000,13Mar2017,1,13
2017,3,10000,27Mar2017,1,27
2017,3,6623.83,30Mar2017,1,30
2017,3,5000,20Mar2017,1,20
2017,3,2500,03Mar2017,1,3
2017,3,100,09Mar2017,1,9
2017,3,21.86,28Mar2017,1,28
2017,3,-6,09Mar2017,1,9
2017,3,-6,22Mar2017,1,22
2017,3,-6,25Mar2017,1,25
2017,3,-7.99,20Mar2017,1,20
2017,3,-21.99,24Mar2017,1,24
2017,3,-25.98,31Mar2017,1,31
2017,3,-26,22Mar2017,1,22
2017,3,-26,22Mar2017,1,22
2017,3,-31.48,28Mar2017,1,28
2017,3,-35,20Mar2017,1,20
2017,3,-37.98,18Mar2017,1,18
2017,3,-37.98,22Mar2017,1,22
2017,3,-38,22Mar2017,1,22
2017,3,-39.95,23Mar2017,1,23
2017,3,-40,20Mar2017,1,20
2017,3,-40,27Mar2017,1,27
2017,3,-45.95,15Mar2017,1,15
2017,3,-51.2,22Mar2017,1,22
2017,3,-53,22Mar2017,1,22
2017,3,-56.8,20Mar2017,1,20
2017,3,-56.98,07Mar2017,1,7
2017,3,-58.49,14Mar2017,1,14
2017,3,-62.98,28Mar2017,1,28
2017,3,-63.52,11Mar2017,1,11
2017,3,-65.8,01Mar2017,1,1
2017,3,-65.8,09Mar2017,1,9
2017,3,-65.8,13Mar2017,1,13
2017,3,-66,28Mar2017,1,28
2017,3,-66.98,29Mar2017,1,29
2017,3,-68.97,03Mar2017,1,3
2017,3,-69.97,08Mar2017,1,8
2017,3,-69.98,15Mar2017,1,15
2017,3,-74.97,23Mar2017,1,23
2017,3,-82.17,24Mar2017,1,24
2017,3,-86.47,15Mar2017,1,15
2017,3,-91.8,14Mar2017,1,14
2017,3,-97.96,18Mar2017,1,18
2017,3,-102,25Mar2017,1,25
2017,3,-106.4,18Mar2017,1,18
2017,3,-111.57,08Mar2017,1,8
2017,3,-140.4,28Mar2017,1,28
2017,3,-164.57,22Mar2017,1,22
2017,3,-183.07,23Mar2017,1,23
2017,3,-200,06Mar2017,1,6
2017,3,-200,20Mar2017,1,20
2017,3,-200,31Mar2017,1,31
2017,3,-230,07Mar2017,1,7
2017,3,-245.74,16Mar2017,1,16
2017,3,-251.04,20Mar2017,1,20
2017,3,-260,10Mar2017,1,10
2017,3,-296,27Mar2017,1,27
2017,3,-303.63,29Mar2017,1,29
2017,3,-310,31Mar2017,1,31
2017,3,-314.78,22Mar2017,1,22
2017,3,-346,14Mar2017,1,14
2017,3,-350,22Mar2017,1,22
2017,3,-410,27Mar2017,1,27
2017,3,-434.4,20Mar2017,1,20
2017,3,-510,29Mar2017,1,29
2017,3,-516.88,22Mar2017,1,22
2017,3,-535,30Mar2017,1,30
2017,3,-555.38,04Mar2017,1,4
2017,3,-568.2,06Mar2017,1,6
2017,3,-600,13Mar2017,1,13
2017,3,-630.63,27Mar2017,1,27
2017,3,-700,08Mar2017,1,8
2017,3,-800,24Mar2017,1,24
2017,3,-833.84,27Mar2017,1,27
2017,3,-860,02Mar2017,1,2
2017,3,-864.5,01Mar2017,1,1
2017,3,-1050,16Mar2017,1,16
2017,3,-1500,03Mar2017,1,3
2017,3,-1500,23Mar2017,1,23
2017,3,-3000,27Mar2017,1,27
2017,3,-3519,27Mar2017,1,27
2017,3,-5000,13Mar2017,1,13
2017,3,-5000,13Mar2017,1,13
2017,3,-5300,01Mar2017,1,1
2017,3,-15400,20Mar2017,1,20
2017,4,49878.82,04Apr2017,FALSE,4
2017,4,15000,26Apr2017,1,26
2017,4,14361.52,06Apr2017,1,6
2017,4,4600,04Apr2017,1,4
2017,4,2098.63,10Apr2017,1,10
2017,4,1550.26,11Apr2017,1,11
2017,4,1418.62,29Apr2017,1,29
2017,4,1409,13Apr2017,1,13
2017,4,1192,11Apr2017,1,11
2017,4,873.8,04Apr2017,1,4
2017,4,12.16,25Apr2017,1,25
2017,4,-6,01Apr2017,1,1
2017,4,-6,28Apr2017,1,28
2017,4,-35.34,01Apr2017,1,1
2017,4,-40,28Apr2017,1,28
2017,4,-43.08,26Apr2017,1,26
2017,4,-45,24Apr2017,1,24
2017,4,-65.8,19Apr2017,1,19
2017,4,-66,25Apr2017,1,25
2017,4,-68,22Apr2017,1,22
2017,4,-69.1,26Apr2017,1,26
2017,4,-72.8,25Apr2017,1,25
2017,4,-88,13Apr2017,1,13
2017,4,-94.95,18Apr2017,1,18
2017,4,-98,18Apr2017,1,18
2017,4,-115.96,01Apr2017,1,1
2017,4,-117.78,12Apr2017,1,12
2017,4,-129,03Apr2017,1,3
2017,4,-140,29Apr2017,1,29
2017,4,-140.48,28Apr2017,1,28
2017,4,-159.91,25Apr2017,1,25
2017,4,-170.91,26Apr2017,1,26
2017,4,-175.95,19Apr2017,1,19
2017,4,-177.78,08Apr2017,1,8
2017,4,-178,03Apr2017,1,3
2017,4,-182.94,20Apr2017,1,20
2017,4,-190,03Apr2017,1,3
2017,4,-200,18Apr2017,1,18
2017,4,-200,24Apr2017,1,24
2017,4,-222.41,06Apr2017,1,6
2017,4,-230,24Apr2017,1,24
2017,4,-230.34,15Apr2017,1,15
2017,4,-255.4,19Apr2017,1,19
2017,4,-256,29Apr2017,1,29
2017,4,-270,20Apr2017,1,20
2017,4,-271.35,11Apr2017,1,11
2017,4,-286.46,08Apr2017,1,8
2017,4,-318.94,15Apr2017,1,15
2017,4,-343.32,22Apr2017,1,22
2017,4,-351.92,21Apr2017,1,21
2017,4,-355.28,19Apr2017,1,19
2017,4,-373.48,25Apr2017,1,25
2017,4,-386.83,29Apr2017,1,29
2017,4,-399,10Apr2017,1,10
2017,4,-400,10Apr2017,1,10
2017,4,-400,11Apr2017,1,11
2017,4,-483.33,07Apr2017,1,7
2017,4,-495,10Apr2017,1,10
2017,4,-516.88,22Apr2017,1,22
2017,4,-600,18Apr2017,1,18
2017,4,-833.84,26Apr2017,1,26
2017,4,-860,01Apr2017,1,1
2017,4,-864.5,01Apr2017,1,1
2017,4,-864.5,29Apr2017,1,29
2017,4,-873.8,06Apr2017,1,6
2017,4,-1000,07Apr2017,1,7
2017,4,-1000,26Apr2017,1,26
2017,4,-1159.9,10Apr2017,1,10
2017,4,-1192,12Apr2017,1,12
2017,4,-1500,21Apr2017,1,21
2017,4,-1500,29Apr2017,1,29
2017,4,-1648,11Apr2017,1,11
2017,4,-2000,28Apr2017,1,28
2017,4,-3815,25Apr2017,1,25
2017,4,-5618,03Apr2017,1,3
2017,4,-12000,07Apr2017,1,7
2017,4,-15400,24Apr2017,1,24
2017,4,-16797.99,28Apr2017,1,28
2017,5,54008.83,29May2017,FALSE,29
2017,5,49371.83,02May2017,1,2
2017,5,13750.09,02May2017,1,2
2017,5,10287.55,29May2017,1,29
2017,5,3325.26,30May2017,1,30
2017,5,21.11,27May2017,1,27
2017,5,-1.86,13May2017,1,13
2017,5,-6,04May2017,1,4
2017,5,-6,30May2017,1,30
2017,5,-10,12May2017,1,12
2017,5,-18,03May2017,1,3
2017,5,-30,08May2017,1,8
2017,5,-39.98,31May2017,1,31
2017,5,-40,29May2017,1,29
2017,5,-40,30May2017,1,30
2017,5,-54.55,23May2017,1,23
2017,5,-60.86,24May2017,1,24
2017,5,-64,12May2017,1,12
2017,5,-65,13May2017,1,13
2017,5,-65.8,03May2017,1,3
2017,5,-65.8,10May2017,1,10
2017,5,-65.99,30May2017,1,30
2017,5,-66,27May2017,1,27
2017,5,-69.65,18May2017,1,18
2017,5,-78.95,18May2017,1,18
2017,5,-83.06,18May2017,1,18
2017,5,-86.94,06May2017,1,6
2017,5,-94.86,18May2017,1,18
2017,5,-94.95,12May2017,1,12
2017,5,-98.11,18May2017,1,18
2017,5,-101.58,29May2017,1,29
2017,5,-104.06,13May2017,1,13
2017,5,-107.7,08May2017,1,8
2017,5,-112.45,02May2017,1,2
2017,5,-126.9,19May2017,1,19
2017,5,-129.9,08May2017,1,8
2017,5,-130,08May2017,1,8
2017,5,-144.44,09May2017,1,9
2017,5,-164.34,03May2017,1,3
2017,5,-170,08May2017,1,8
2017,5,-189.35,09May2017,1,9
2017,5,-195.2,04May2017,1,4
2017,5,-199.89,05May2017,1,5
2017,5,-203.28,18May2017,1,18
2017,5,-206.34,23May2017,1,23
2017,5,-210,02May2017,1,2
2017,5,-222.83,19May2017,1,19
2017,5,-250,03May2017,1,3
2017,5,-355.26,03May2017,1,3
2017,5,-357.32,17May2017,1,17
2017,5,-380.54,04May2017,1,4
2017,5,-391.49,08May2017,1,8
2017,5,-401.43,17May2017,1,17
2017,5,-414.21,16May2017,1,16
2017,5,-431.46,02May2017,1,2
2017,5,-450.65,16May2017,1,16
2017,5,-483.11,16May2017,1,16
2017,5,-600,03May2017,1,3
2017,5,-629.94,22May2017,1,22
2017,5,-833.84,27May2017,1,27
2017,5,-860,02May2017,1,2
2017,5,-1000,29May2017,1,29
2017,5,-1140.96,19May2017,1,19
2017,5,-1411.63,24May2017,1,24
2017,5,-1513.98,17May2017,1,17
2017,5,-1599,03May2017,1,3
2017,5,-2000,29May2017,1,29
2017,5,-2737.58,18May2017,1,18
2017,5,-3815,25May2017,1,25
2017,5,-5103,08May2017,1,8
2017,5,-5618,02May2017,1,2
2017,5,-8000,11May2017,1,11
2017,5,-10000,09May2017,1,9
2017,5,-15400,30May2017,1,30
2017,5,-20000,09May2017,1,9
2017,6,54008.82,30Jun2017,FALSE,30
2017,6,15916.43,30Jun2017,1,30
2017,6,11793.18,19Jun2017,1,19
2017,6,39.92,27Jun2017,1,27
2017,6,-6,02Jun2017,1,2
2017,6,-32.9,03Jun2017,1,3
2017,6,-40,15Jun2017,1,15
2017,6,-42.75,05Jun2017,1,5
2017,6,-57,22Jun2017,1,22
2017,6,-64,19Jun2017,1,19
2017,6,-64,21Jun2017,1,21
2017,6,-66,27Jun2017,1,27
2017,6,-68,22Jun2017,1,22
2017,6,-73.57,13Jun2017,1,13
2017,6,-75.93,19Jun2017,1,19
2017,6,-100,15Jun2017,1,15
2017,6,-109.99,19Jun2017,1,19
2017,6,-116.5,12Jun2017,1,12
2017,6,-139,19Jun2017,1,19
2017,6,-139.38,08Jun2017,1,8
2017,6,-139.94,06Jun2017,1,6
2017,6,-140,12Jun2017,1,12
2017,6,-150.83,06Jun2017,1,6
2017,6,-154,19Jun2017,1,19
2017,6,-156.47,20Jun2017,1,20
2017,6,-160.47,02Jun2017,1,2
2017,6,-162.43,02Jun2017,1,2
2017,6,-165,12Jun2017,1,12
2017,6,-170,08Jun2017,1,8
2017,6,-177,24Jun2017,1,24
2017,6,-180,28Jun2017,1,28
2017,6,-210,12Jun2017,1,12
2017,6,-210,15Jun2017,1,15
2017,6,-212.1,30Jun2017,1,30
2017,6,-219.32,22Jun2017,1,22
2017,6,-230,02Jun2017,1,2
2017,6,-250,01Jun2017,1,1
2017,6,-250,17Jun2017,1,17
2017,6,-276.88,19Jun2017,1,19
2017,6,-294,21Jun2017,1,21
2017,6,-298.68,22Jun2017,1,22
2017,6,-305.83,14Jun2017,1,14
2017,6,-310.79,10Jun2017,1,10
2017,6,-360,19Jun2017,1,19
2017,6,-385.07,13Jun2017,1,13
2017,6,-385.3,03Jun2017,1,3
2017,6,-417.3,30Jun2017,1,30
2017,6,-629.94,22Jun2017,1,22
2017,6,-737.25,29Jun2017,1,29
2017,6,-860,01Jun2017,1,1
2017,6,-864.5,01Jun2017,1,1
2017,6,-1009.7,12Jun2017,1,12
2017,6,-1016.63,27Jun2017,1,27
2017,6,-1095,10Jun2017,1,10
2017,6,-1500,10Jun2017,1,10
2017,6,-3354.06,13Jun2017,1,13
2017,6,-3815,26Jun2017,1,26
2017,6,-5618,01Jun2017,1,1
2017,6,-6130,14Jun2017,1,14
2017,6,-26263.65,14Jun2017,1,14
2017,6,-35570,23Jun2017,1,23
2017,7,49878.82,25Jul2017,FALSE,25
2017,7,23670.9,14Jul2017,1,14
2017,7,14831.37,29Jul2017,1,29
2017,7,2000,20Jul2017,1,20
2017,7,18.21,27Jul2017,1,27
2017,7,-4.5,27Jul2017,1,27
2017,7,-6,03Jul2017,1,3
2017,7,-6,26Jul2017,1,26
2017,7,-14,04Jul2017,1,4
2017,7,-28,27Jul2017,1,27
2017,7,-29,12Jul2017,1,12
2017,7,-66,27Jul2017,1,27
2017,7,-97.47,27Jul2017,1,27
2017,7,-103.47,05Jul2017,1,5
2017,7,-117.7,12Jul2017,1,12
2017,7,-154.38,10Jul2017,1,10
2017,7,-200,05Jul2017,1,5
2017,7,-200,11Jul2017,1,11
2017,7,-245,10Jul2017,1,10
2017,7,-255.41,04Jul2017,1,4
2017,7,-259.23,08Jul2017,1,8
2017,7,-263.96,10Jul2017,1,10
2017,7,-271.41,03Jul2017,1,3
2017,7,-274.5,04Jul2017,1,4
2017,7,-315,03Jul2017,1,3
2017,7,-318.15,11Jul2017,1,11
2017,7,-342.12,11Jul2017,1,11
2017,7,-429.99,12Jul2017,1,12
2017,7,-470.32,08Jul2017,1,8
2017,7,-552.25,06Jul2017,1,6
2017,7,-562.9,01Jul2017,1,1
2017,7,-629.94,22Jul2017,1,22
2017,7,-860,01Jul2017,1,1
2017,7,-902,01Jul2017,1,1
2017,7,-1000,01Jul2017,1,1
2017,7,-1000,25Jul2017,1,25
2017,7,-1016.63,27Jul2017,1,27
2017,7,-1500,01Jul2017,1,1
2017,7,-1500,03Jul2017,1,3
2017,7,-1500,14Jul2017,1,14
2017,7,-3815,25Jul2017,1,25
2017,7,-5618,03Jul2017,1,3
2017,7,-5724.93,27Jul2017,1,27
2017,7,-13950,26Jul2017,1,26
2017,7,-19932.69,26Jul2017,1,26
2017,7,-20000,15Jul2017,1,15
2017,7,-20000,31Jul2017,1,31
2017,8,49878.82,24Aug2017,FALSE,24
2017,8,15691.28,30Aug2017,1,30
2017,8,12000,02Aug2017,1,2
2017,8,12.61,28Aug2017,1,28
2017,8,-4.5,28Aug2017,1,28
2017,8,-6,07Aug2017,1,7
2017,8,-14,26Aug2017,1,26
2017,8,-28,28Aug2017,1,28
2017,8,-59.9,29Aug2017,1,29
2017,8,-60,30Aug2017,1,30
2017,8,-66,28Aug2017,1,28
2017,8,-80,16Aug2017,1,16
2017,8,-92.4,24Aug2017,1,24
2017,8,-99.8,18Aug2017,1,18
2017,8,-102.4,16Aug2017,1,16
2017,8,-120,21Aug2017,1,21
2017,8,-154.88,30Aug2017,1,30
2017,8,-166,26Aug2017,1,26
2017,8,-170.96,22Aug2017,1,22
2017,8,-174.37,30Aug2017,1,30
2017,8,-193.86,30Aug2017,1,30
2017,8,-200,05Aug2017,1,5
2017,8,-200,29Aug2017,1,29
2017,8,-279.73,24Aug2017,1,24
2017,8,-315.37,15Aug2017,1,15
2017,8,-316.51,16Aug2017,1,16
2017,8,-336,30Aug2017,1,30
2017,8,-340,14Aug2017,1,14
2017,8,-342.63,19Aug2017,1,19
2017,8,-358.35,02Aug2017,1,2
2017,8,-361.17,21Aug2017,1,21
2017,8,-375,10Aug2017,1,10
2017,8,-401.13,24Aug2017,1,24
2017,8,-406.36,24Aug2017,1,24
2017,8,-445.78,29Aug2017,1,29
2017,8,-600,05Aug2017,1,5
2017,8,-629.94,22Aug2017,1,22
2017,8,-665,21Aug2017,1,21
2017,8,-860,01Aug2017,1,1
2017,8,-902,01Aug2017,1,1
2017,8,-1016.63,26Aug2017,1,26
2017,8,-1250,25Aug2017,1,25
2017,8,-1500,11Aug2017,1,11
2017,8,-2276.3,14Aug2017,1,14
2017,8,-3815,25Aug2017,1,25
2017,8,-5618,01Aug2017,1,1
2017,8,-13950,28Aug2017,1,28
2017,8,-22814.82,28Aug2017,1,28
2017,9,49878.83,28Sep2017,FALSE,28
2017,9,15000,04Sep2017,1,4
2017,9,13243.52,28Sep2017,1,28
2017,9,5000,11Sep2017,1,11
2017,9,27.13,27Sep2017,1,27
2017,9,-14,23Sep2017,1,23
2017,9,-56,02Sep2017,1,2
2017,9,-66,27Sep2017,1,27
2017,9,-84.99,05Sep2017,1,5
2017,9,-130.43,05Sep2017,1,5
2017,9,-145.46,05Sep2017,1,5
2017,9,-149.9,04Sep2017,1,4
2017,9,-190.44,11Sep2017,1,11
2017,9,-200,07Sep2017,1,7
2017,9,-205,07Sep2017,1,7
2017,9,-240,12Sep2017,1,12
2017,9,-275,26Sep2017,1,26
2017,9,-360,01Sep2017,1,1
2017,9,-383,09Sep2017,1,9
2017,9,-383.4,22Sep2017,1,22
2017,9,-429.34,07Sep2017,1,7
2017,9,-499,04Sep2017,1,4
2017,9,-560,02Sep2017,1,2
2017,9,-600,09Sep2017,1,9
2017,9,-629.94,22Sep2017,1,22
2017,9,-860,01Sep2017,1,1
2017,9,-902,01Sep2017,1,1
2017,9,-1116.95,27Sep2017,1,27
2017,9,-1250,22Sep2017,1,22
2017,9,-1500,04Sep2017,1,4
2017,9,-1796.03,27Sep2017,1,27
2017,9,-3815,26Sep2017,1,26
2017,9,-5618,01Sep2017,1,1
2017,9,-14109.1,28Sep2017,1,28